cell_set_accession	cell_label	cell_fullname	parent_cell_set_accession	parent_cell_set_name	labelset	cell_ontology_term_id	cell_ontology_term	rationale	rationale_dois	marker_gene_evidence	synonyms	neurotransmitter_accession	neurotransmitter_rationale	neurotransmitter_marker_gene_evidence	original_label	cell_set_designation	cell_set_alias	cell_set_structure	cell_set_ontology_tag	cell_set_alias_assignee	taxonomy_id
CS202106160_355	355_CA3-ve	355_CA3-ve	CS202106160_578	CA3	cluster_label				https://doi.org/10.1016/j.cell.2021.04.021						355_CA3-ve	CTX-HPF 355	355_CA3-ve	Cortical plate; Hippocampal formation	none; none	Zizhen Yao	CCN202106160
CS202106160_388	388_Micro-PVM	388_Micro-PVM	CS202106160_608	Micro-PVM	cluster_label				https://doi.org/10.1016/j.cell.2021.04.021						388_Micro-PVM	CTX-HPF 388	388_Micro-PVM	Cortical plate; Hippocampal formation	none; none	Zizhen Yao	CCN202106160
CS202106160_106	106_Sst HPF	106_Sst HPF	CS202106160_444	Sst	cluster_label				https://doi.org/10.1016/j.cell.2021.04.021						106_Sst HPF	CTX-HPF 106	106_Sst HPF	Cortical plate; Hippocampal formation	none; none	Zizhen Yao	CCN202106160
CS202106160_155	155_L2/3 IT ENTl	155_L2/3 IT ENTl	subclass_label:9c706e279e	L2/3 IT ENTl	cluster_label				https://doi.org/10.1016/j.cell.2021.04.021						155_L2/3 IT ENTl	CTX-HPF 155	155_L2/3 IT ENTl	Cortical plate; Hippocampal formation	none; none	Zizhen Yao	CCN202106160
CS202106160_360	360_CA2-IG-FC	360_CA2-IG-FC	CS202106160_585	CA2-IG-FC	cluster_label				https://doi.org/10.1016/j.cell.2021.04.021						360_CA2-IG-FC	CTX-HPF 360	360_CA2-IG-FC	Cortical plate; Hippocampal formation	none; none	Zizhen Yao	CCN202106160
CS202106160_320	320_SUB	320_SUB	subclass_label:a416c5553f	SUB-ProS	cluster_label				https://doi.org/10.1016/j.cell.2021.04.021						320_SUB	CTX-HPF 320	320_SUB	Cortical plate; Hippocampal formation	none; none	Zizhen Yao	CCN202106160
CS202106160_181	181_L4 IT CTX	181_L4 IT CTX	subclass_label:40ec201664	L4/5 IT CTX	cluster_label				https://doi.org/10.1016/j.cell.2021.04.021						181_L4 IT CTX	CTX-HPF 181	181_L4 IT CTX	Cortical plate; Hippocampal formation	none; none	Zizhen Yao	CCN202106160
CS202106160_127	127_L2 IT APr	127_L2 IT APr	subclass_label:5d7a3b937f	L2/3 IT PPP	cluster_label				https://doi.org/10.1016/j.cell.2021.04.021						127_L2 IT APr	CTX-HPF 127	127_L2 IT APr	Cortical plate; Hippocampal formation	none; none	Zizhen Yao	CCN202106160
CS202106160_267	267_L5/6 NP CTX	267_L5/6 NP CTX	CS202106160_538	L5/6 NP CTX	cluster_label				https://doi.org/10.1016/j.cell.2021.04.021						267_L5/6 NP CTX	CTX-HPF 267	267_L5/6 NP CTX	Cortical plate; Hippocampal formation	none; none	Zizhen Yao	CCN202106160
CS202106160_38	38_Sncg	38_Sncg	subclass_label:86d5f48b05	Sncg	cluster_label				https://doi.org/10.1016/j.cell.2021.04.021						38_Sncg	CTX-HPF 038	38_Sncg	Cortical plate; Hippocampal formation	none; none	Zizhen Yao	CCN202106160
CS202106160_279	279_L6 CT CTX	279_L6 CT CTX	CS202106160_548	L6 CT CTX	cluster_label				https://doi.org/10.1016/j.cell.2021.04.021						279_L6 CT CTX	CTX-HPF 279	279_L6 CT CTX	Cortical plate; Hippocampal formation	none; none	Zizhen Yao	CCN202106160
CS202106160_293	293_L6 CT CTX	293_L6 CT CTX	CS202106160_548	L6 CT CTX	cluster_label				https://doi.org/10.1016/j.cell.2021.04.021						293_L6 CT CTX	CTX-HPF 293	293_L6 CT CTX	Cortical plate; Hippocampal formation	none; none	Zizhen Yao	CCN202106160
CS202106160_129	129_L2/3 IT POST-PRE	129_L2/3 IT POST-PRE	subclass_label:5d7a3b937f	L2/3 IT PPP	cluster_label				https://doi.org/10.1016/j.cell.2021.04.021						129_L2/3 IT POST-PRE	CTX-HPF 129	129_L2/3 IT POST-PRE	Cortical plate; Hippocampal formation	none; none	Zizhen Yao	CCN202106160
CS202106160_71	71_Sst	71_Sst	CS202106160_444	Sst	cluster_label				https://doi.org/10.1016/j.cell.2021.04.021						71_Sst	CTX-HPF 071	71_Sst	Cortical plate; Hippocampal formation	none; none	Zizhen Yao	CCN202106160
CS202106160_318	318_SUB	318_SUB	subclass_label:a416c5553f	SUB-ProS	cluster_label				https://doi.org/10.1016/j.cell.2021.04.021						318_SUB	CTX-HPF 318	318_SUB	Cortical plate; Hippocampal formation	none; none	Zizhen Yao	CCN202106160
CS202106160_347	347_CA1-do	347_CA1-do	subclass_label:5c6ec72876	CA1-ProS	cluster_label				https://doi.org/10.1016/j.cell.2021.04.021						347_CA1-do	CTX-HPF 347	347_CA1-do	Cortical plate; Hippocampal formation	none; none	Zizhen Yao	CCN202106160
CS202106160_133	133_L2 IT RSPv-POST-PRE	133_L2 IT RSPv-POST-PRE	subclass_label:5d7a3b937f	L2/3 IT PPP	cluster_label				https://doi.org/10.1016/j.cell.2021.04.021						133_L2 IT RSPv-POST-PRE	CTX-HPF 133	133_L2 IT RSPv-POST-PRE	Cortical plate; Hippocampal formation	none; none	Zizhen Yao	CCN202106160
CS202106160_345	345_CA1	345_CA1	subclass_label:5c6ec72876	CA1-ProS	cluster_label				https://doi.org/10.1016/j.cell.2021.04.021						345_CA1	CTX-HPF 345	345_CA1	Cortical plate; Hippocampal formation	none; none	Zizhen Yao	CCN202106160
CS202106160_83	83_Sst	83_Sst	CS202106160_444	Sst	cluster_label				https://doi.org/10.1016/j.cell.2021.04.021						83_Sst	CTX-HPF 083	83_Sst	Cortical plate; Hippocampal formation	none; none	Zizhen Yao	CCN202106160
CS202106160_59	59_Vip Igfbp6	59_Vip Igfbp6	subclass_label:a547e761cb	Vip	cluster_label				https://doi.org/10.1016/j.cell.2021.04.021						59_Vip Igfbp6	CTX-HPF 059	59_Vip Igfbp6	Cortical plate; Hippocampal formation	none; none	Zizhen Yao	CCN202106160
CS202106160_1	1_CR	1_CR	subclass_label:da99a9426c	CR	cluster_label				https://doi.org/10.1016/j.cell.2021.04.021						1_CR	CTX-HPF 001	1_CR	Cortical plate; Hippocampal formation	none; none	Zizhen Yao	CCN202106160
CS202106160_200	200_L5 IT CTX	200_L5 IT CTX	subclass_label:d88cf82cba	L5 IT CTX	cluster_label				https://doi.org/10.1016/j.cell.2021.04.021						200_L5 IT CTX	CTX-HPF 200	200_L5 IT CTX	Cortical plate; Hippocampal formation	none; none	Zizhen Yao	CCN202106160
CS202106160_223	223_L6 IT CTX	223_L6 IT CTX	subclass_label:10db4e9506	L6 IT CTX	cluster_label				https://doi.org/10.1016/j.cell.2021.04.021						223_L6 IT CTX	CTX-HPF 223	223_L6 IT CTX	Cortical plate; Hippocampal formation	none; none	Zizhen Yao	CCN202106160
CS202106160_239	239_L5 PT CTX	239_L5 PT CTX	CS202106160_528	L5 PT CTX	cluster_label				https://doi.org/10.1016/j.cell.2021.04.021						239_L5 PT CTX	CTX-HPF 239	239_L5 PT CTX	Cortical plate; Hippocampal formation	none; none	Zizhen Yao	CCN202106160
CS202106160_17	17_Lamp5	17_Lamp5	subclass_label:e40986e2c0	Lamp5	cluster_label				https://doi.org/10.1016/j.cell.2021.04.021						17_Lamp5	CTX-HPF 017	17_Lamp5	Cortical plate; Hippocampal formation	none; none	Zizhen Yao	CCN202106160
CS202106160_82	82_Sst	82_Sst	CS202106160_444	Sst	cluster_label				https://doi.org/10.1016/j.cell.2021.04.021						82_Sst	CTX-HPF 082	82_Sst	Cortical plate; Hippocampal formation	none; none	Zizhen Yao	CCN202106160
CS202106160_356	356_CA3-do	356_CA3-do	CS202106160_578	CA3	cluster_label				https://doi.org/10.1016/j.cell.2021.04.021						356_CA3-do	CTX-HPF 356	356_CA3-do	Cortical plate; Hippocampal formation	none; none	Zizhen Yao	CCN202106160
CS202106160_230	230_L6 IT CTX	230_L6 IT CTX	subclass_label:10db4e9506	L6 IT CTX	cluster_label				https://doi.org/10.1016/j.cell.2021.04.021						230_L6 IT CTX	CTX-HPF 230	230_L6 IT CTX	Cortical plate; Hippocampal formation	none; none	Zizhen Yao	CCN202106160
CS202106160_343	343_CA1	343_CA1	subclass_label:5c6ec72876	CA1-ProS	cluster_label				https://doi.org/10.1016/j.cell.2021.04.021						343_CA1	CTX-HPF 343	343_CA1	Cortical plate; Hippocampal formation	none; none	Zizhen Yao	CCN202106160
CS202106160_150	150_L2 IT ENTm	150_L2 IT ENTm	CS202106160_486	L2 IT ENTm	cluster_label				https://doi.org/10.1016/j.cell.2021.04.021						150_L2 IT ENTm	CTX-HPF 150	150_L2 IT ENTm	Cortical plate; Hippocampal formation	none; none	Zizhen Yao	CCN202106160
CS202106160_199	199_L5 IT CTX	199_L5 IT CTX	subclass_label:d88cf82cba	L5 IT CTX	cluster_label				https://doi.org/10.1016/j.cell.2021.04.021						199_L5 IT CTX	CTX-HPF 199	199_L5 IT CTX	Cortical plate; Hippocampal formation	none; none	Zizhen Yao	CCN202106160
CS202106160_346	346_CA1-do	346_CA1-do	subclass_label:5c6ec72876	CA1-ProS	cluster_label				https://doi.org/10.1016/j.cell.2021.04.021						346_CA1-do	CTX-HPF 346	346_CA1-do	Cortical plate; Hippocampal formation	none; none	Zizhen Yao	CCN202106160
CS202106160_248	248_L5 PT CTX	248_L5 PT CTX	CS202106160_528	L5 PT CTX	cluster_label				https://doi.org/10.1016/j.cell.2021.04.021						248_L5 PT CTX	CTX-HPF 248	248_L5 PT CTX	Cortical plate; Hippocampal formation	none; none	Zizhen Yao	CCN202106160
CS202106160_327	327_ProS	327_ProS	subclass_label:a416c5553f	SUB-ProS	cluster_label				https://doi.org/10.1016/j.cell.2021.04.021						327_ProS	CTX-HPF 327	327_ProS	Cortical plate; Hippocampal formation	none; none	Zizhen Yao	CCN202106160
CS202106160_48	48_Vip	48_Vip	subclass_label:a547e761cb	Vip	cluster_label				https://doi.org/10.1016/j.cell.2021.04.021						48_Vip	CTX-HPF 048	48_Vip	Cortical plate; Hippocampal formation	none; none	Zizhen Yao	CCN202106160
CS202106160_172	172_L2/3 IT ProS	172_L2/3 IT ProS	CS202106160_498	L2/3 IT RHP	cluster_label				https://doi.org/10.1016/j.cell.2021.04.021						172_L2/3 IT ProS	CTX-HPF 172	172_L2/3 IT ProS	Cortical plate; Hippocampal formation	none; none	Zizhen Yao	CCN202106160
CS202106160_206	206_L5/6 IT CTX	206_L5/6 IT CTX	subclass_label:d88cf82cba	L5 IT CTX	cluster_label				https://doi.org/10.1016/j.cell.2021.04.021						206_L5/6 IT CTX	CTX-HPF 206	206_L5/6 IT CTX	Cortical plate; Hippocampal formation	none; none	Zizhen Yao	CCN202106160
CS202106160_385	385_VLMC	385_VLMC	CS202106160_606	VLMC	cluster_label				https://doi.org/10.1016/j.cell.2021.04.021						385_VLMC	CTX-HPF 385	385_VLMC	Cortical plate; Hippocampal formation	none; none	Zizhen Yao	CCN202106160
CS202106160_367	367_Oligo	367_Oligo	subclass_label:3deb6c773a	Oligo	cluster_label				https://doi.org/10.1016/j.cell.2021.04.021						367_Oligo	CTX-HPF 367	367_Oligo	Cortical plate; Hippocampal formation	none; none	Zizhen Yao	CCN202106160
CS202106160_295	295_CT SUB	295_CT SUB	CS202106160_551	CT SUB	cluster_label				https://doi.org/10.1016/j.cell.2021.04.021						295_CT SUB	CTX-HPF 295	295_CT SUB	Cortical plate; Hippocampal formation	none; none	Zizhen Yao	CCN202106160
CS202106160_287	287_L6 CT CTX	287_L6 CT CTX	CS202106160_548	L6 CT CTX	cluster_label				https://doi.org/10.1016/j.cell.2021.04.021						287_L6 CT CTX	CTX-HPF 287	287_L6 CT CTX	Cortical plate; Hippocampal formation	none; none	Zizhen Yao	CCN202106160
CS202106160_137	137_L3 IT ENTm	137_L3 IT ENTm	CS202106160_480	L3 IT ENT	cluster_label				https://doi.org/10.1016/j.cell.2021.04.021						137_L3 IT ENTm	CTX-HPF 137	137_L3 IT ENTm	Cortical plate; Hippocampal formation	none; none	Zizhen Yao	CCN202106160
CS202106160_215	215_L5/6 IT TPE-ENT	215_L5/6 IT TPE-ENT	subclass_label:753888bc28	L5/6 IT TPE-ENT	cluster_label				https://doi.org/10.1016/j.cell.2021.04.021						215_L5/6 IT TPE-ENT	CTX-HPF 215	215_L5/6 IT TPE-ENT	Cortical plate; Hippocampal formation	none; none	Zizhen Yao	CCN202106160
CS202106160_366	366_Oligo	366_Oligo	subclass_label:3deb6c773a	Oligo	cluster_label				https://doi.org/10.1016/j.cell.2021.04.021						366_Oligo	CTX-HPF 366	366_Oligo	Cortical plate; Hippocampal formation	none; none	Zizhen Yao	CCN202106160
CS202106160_380	380_SMC-Peri	380_SMC-Peri	CS202106160_604	SMC-Peri	cluster_label				https://doi.org/10.1016/j.cell.2021.04.021						380_SMC-Peri	CTX-HPF 380	380_SMC-Peri	Cortical plate; Hippocampal formation	none; none	Zizhen Yao	CCN202106160
CS202106160_374	374_Oligo	374_Oligo	subclass_label:3deb6c773a	Oligo	cluster_label				https://doi.org/10.1016/j.cell.2021.04.021						374_Oligo	CTX-HPF 374	374_Oligo	Cortical plate; Hippocampal formation	none; none	Zizhen Yao	CCN202106160
CS202106160_25	25_Sncg	25_Sncg	subclass_label:86d5f48b05	Sncg	cluster_label				https://doi.org/10.1016/j.cell.2021.04.021						25_Sncg	CTX-HPF 025	25_Sncg	Cortical plate; Hippocampal formation	none; none	Zizhen Yao	CCN202106160
CS202106160_236	236_Car3	236_Car3	CS202106160_525	Car3	cluster_label				https://doi.org/10.1016/j.cell.2021.04.021						236_Car3	CTX-HPF 236	236_Car3	Cortical plate; Hippocampal formation	none; none	Zizhen Yao	CCN202106160
CS202106160_41	41_Vip	41_Vip	subclass_label:86d5f48b05	Sncg	cluster_label				https://doi.org/10.1016/j.cell.2021.04.021						41_Vip	CTX-HPF 041	41_Vip	Cortical plate; Hippocampal formation	none; none	Zizhen Yao	CCN202106160
CS202106160_105	105_Sst HPF	105_Sst HPF	CS202106160_444	Sst	cluster_label				https://doi.org/10.1016/j.cell.2021.04.021						105_Sst HPF	CTX-HPF 105	105_Sst HPF	Cortical plate; Hippocampal formation	none; none	Zizhen Yao	CCN202106160
CS202106160_186	186_L4/5 IT CTX	186_L4/5 IT CTX	subclass_label:40ec201664	L4/5 IT CTX	cluster_label				https://doi.org/10.1016/j.cell.2021.04.021						186_L4/5 IT CTX	CTX-HPF 186	186_L4/5 IT CTX	Cortical plate; Hippocampal formation	none; none	Zizhen Yao	CCN202106160
CS202106160_103	103_Sst HPF	103_Sst HPF	CS202106160_444	Sst	cluster_label				https://doi.org/10.1016/j.cell.2021.04.021						103_Sst HPF	CTX-HPF 103	103_Sst HPF	Cortical plate; Hippocampal formation	none; none	Zizhen Yao	CCN202106160
CS202106160_21	21_Sncg	21_Sncg	subclass_label:86d5f48b05	Sncg	cluster_label				https://doi.org/10.1016/j.cell.2021.04.021						21_Sncg	CTX-HPF 021	21_Sncg	Cortical plate; Hippocampal formation	none; none	Zizhen Yao	CCN202106160
CS202106160_344	344_CA1	344_CA1	subclass_label:5c6ec72876	CA1-ProS	cluster_label				https://doi.org/10.1016/j.cell.2021.04.021						344_CA1	CTX-HPF 344	344_CA1	Cortical plate; Hippocampal formation	none; none	Zizhen Yao	CCN202106160
CS202106160_99	99_Sst	99_Sst	CS202106160_444	Sst	cluster_label				https://doi.org/10.1016/j.cell.2021.04.021						99_Sst	CTX-HPF 099	99_Sst	Cortical plate; Hippocampal formation	none; none	Zizhen Yao	CCN202106160
CS202106160_212	212_L5/6 IT TPE-ENT	212_L5/6 IT TPE-ENT	subclass_label:753888bc28	L5/6 IT TPE-ENT	cluster_label				https://doi.org/10.1016/j.cell.2021.04.021						212_L5/6 IT TPE-ENT	CTX-HPF 212	212_L5/6 IT TPE-ENT	Cortical plate; Hippocampal formation	none; none	Zizhen Yao	CCN202106160
CS202106160_263	263_L5 PPP	263_L5 PPP	subclass_label:bbf0716163	L5 PPP	cluster_label				https://doi.org/10.1016/j.cell.2021.04.021						263_L5 PPP	CTX-HPF 263	263_L5 PPP	Cortical plate; Hippocampal formation	none; none	Zizhen Yao	CCN202106160
CS202106160_91	91_Sst	91_Sst	CS202106160_444	Sst	cluster_label				https://doi.org/10.1016/j.cell.2021.04.021						91_Sst	CTX-HPF 091	91_Sst	Cortical plate; Hippocampal formation	none; none	Zizhen Yao	CCN202106160
CS202106160_12	12_Lamp5	12_Lamp5	subclass_label:e40986e2c0	Lamp5	cluster_label				https://doi.org/10.1016/j.cell.2021.04.021						12_Lamp5	CTX-HPF 012	12_Lamp5	Cortical plate; Hippocampal formation	none; none	Zizhen Yao	CCN202106160
CS202106160_146	146_L2 IT ENTm	146_L2 IT ENTm	CS202106160_486	L2 IT ENTm	cluster_label				https://doi.org/10.1016/j.cell.2021.04.021						146_L2 IT ENTm	CTX-HPF 146	146_L2 IT ENTm	Cortical plate; Hippocampal formation	none; none	Zizhen Yao	CCN202106160
CS202106160_152	152_L2/3 IT ENTl	152_L2/3 IT ENTl	subclass_label:9c706e279e	L2/3 IT ENTl	cluster_label				https://doi.org/10.1016/j.cell.2021.04.021						152_L2/3 IT ENTl	CTX-HPF 152	152_L2/3 IT ENTl	Cortical plate; Hippocampal formation	none; none	Zizhen Yao	CCN202106160
CS202106160_72	72_Sst	72_Sst	CS202106160_444	Sst	cluster_label				https://doi.org/10.1016/j.cell.2021.04.021						72_Sst	CTX-HPF 072	72_Sst	Cortical plate; Hippocampal formation	none; none	Zizhen Yao	CCN202106160
CS202106160_49	49_Vip	49_Vip	subclass_label:a547e761cb	Vip	cluster_label				https://doi.org/10.1016/j.cell.2021.04.021						49_Vip	CTX-HPF 049	49_Vip	Cortical plate; Hippocampal formation	none; none	Zizhen Yao	CCN202106160
CS202106160_243	243_L5 PT CTX	243_L5 PT CTX	CS202106160_528	L5 PT CTX	cluster_label				https://doi.org/10.1016/j.cell.2021.04.021						243_L5 PT CTX	CTX-HPF 243	243_L5 PT CTX	Cortical plate; Hippocampal formation	none; none	Zizhen Yao	CCN202106160
CS202106160_31	31_Sncg	31_Sncg	subclass_label:86d5f48b05	Sncg	cluster_label				https://doi.org/10.1016/j.cell.2021.04.021						31_Sncg	CTX-HPF 031	31_Sncg	Cortical plate; Hippocampal formation	none; none	Zizhen Yao	CCN202106160
CS202106160_46	46_Vip	46_Vip	subclass_label:a547e761cb	Vip	cluster_label				https://doi.org/10.1016/j.cell.2021.04.021						46_Vip	CTX-HPF 046	46_Vip	Cortical plate; Hippocampal formation	none; none	Zizhen Yao	CCN202106160
CS202106160_141	141_L2/3 IT PAR	141_L2/3 IT PAR	subclass_label:5d7a3b937f	L2/3 IT PPP	cluster_label				https://doi.org/10.1016/j.cell.2021.04.021						141_L2/3 IT PAR	CTX-HPF 141	141_L2/3 IT PAR	Cortical plate; Hippocampal formation	none; none	Zizhen Yao	CCN202106160
CS202106160_336	336_CA1-ve	336_CA1-ve	subclass_label:5c6ec72876	CA1-ProS	cluster_label				https://doi.org/10.1016/j.cell.2021.04.021						336_CA1-ve	CTX-HPF 336	336_CA1-ve	Cortical plate; Hippocampal formation	none; none	Zizhen Yao	CCN202106160
CS202106160_13	13_Lamp5	13_Lamp5	subclass_label:e40986e2c0	Lamp5	cluster_label				https://doi.org/10.1016/j.cell.2021.04.021						13_Lamp5	CTX-HPF 013	13_Lamp5	Cortical plate; Hippocampal formation	none; none	Zizhen Yao	CCN202106160
CS202106160_135	135_L3 IT ENTm	135_L3 IT ENTm	CS202106160_480	L3 IT ENT	cluster_label				https://doi.org/10.1016/j.cell.2021.04.021						135_L3 IT ENTm	CTX-HPF 135	135_L3 IT ENTm	Cortical plate; Hippocampal formation	none; none	Zizhen Yao	CCN202106160
CS202106160_145	145_L2/3 IT PAR	145_L2/3 IT PAR	subclass_label:5d7a3b937f	L2/3 IT PPP	cluster_label				https://doi.org/10.1016/j.cell.2021.04.021						145_L2/3 IT PAR	CTX-HPF 145	145_L2/3 IT PAR	Cortical plate; Hippocampal formation	none; none	Zizhen Yao	CCN202106160
CS202106160_218	218_L6 IT CTX	218_L6 IT CTX	subclass_label:10db4e9506	L6 IT CTX	cluster_label				https://doi.org/10.1016/j.cell.2021.04.021						218_L6 IT CTX	CTX-HPF 218	218_L6 IT CTX	Cortical plate; Hippocampal formation	none; none	Zizhen Yao	CCN202106160
CS202106160_278	278_L6 CT CTX	278_L6 CT CTX	CS202106160_548	L6 CT CTX	cluster_label				https://doi.org/10.1016/j.cell.2021.04.021						278_L6 CT CTX	CTX-HPF 278	278_L6 CT CTX	Cortical plate; Hippocampal formation	none; none	Zizhen Yao	CCN202106160
CS202106160_378	378_Astro	378_Astro	subclass_label:ae2c9ed8f1	Astro	cluster_label				https://doi.org/10.1016/j.cell.2021.04.021						378_Astro	CTX-HPF 378	378_Astro	Cortical plate; Hippocampal formation	none; none	Zizhen Yao	CCN202106160
CS202106160_131	131_L2/3 IT POST-PRE	131_L2/3 IT POST-PRE	subclass_label:5d7a3b937f	L2/3 IT PPP	cluster_label				https://doi.org/10.1016/j.cell.2021.04.021						131_L2/3 IT POST-PRE	CTX-HPF 131	131_L2/3 IT POST-PRE	Cortical plate; Hippocampal formation	none; none	Zizhen Yao	CCN202106160
CS202106160_351	351_CA3-ve	351_CA3-ve	CS202106160_578	CA3	cluster_label				https://doi.org/10.1016/j.cell.2021.04.021						351_CA3-ve	CTX-HPF 351	351_CA3-ve	Cortical plate; Hippocampal formation	none; none	Zizhen Yao	CCN202106160
CS202106160_342	342_CA1	342_CA1	subclass_label:5c6ec72876	CA1-ProS	cluster_label				https://doi.org/10.1016/j.cell.2021.04.021						342_CA1	CTX-HPF 342	342_CA1	Cortical plate; Hippocampal formation	none; none	Zizhen Yao	CCN202106160
CS202106160_340	340_CA1	340_CA1	subclass_label:5c6ec72876	CA1-ProS	cluster_label				https://doi.org/10.1016/j.cell.2021.04.021						340_CA1	CTX-HPF 340	340_CA1	Cortical plate; Hippocampal formation	none; none	Zizhen Yao	CCN202106160
CS202106160_140	140_L3 IT ENTl	140_L3 IT ENTl	CS202106160_480	L3 IT ENT	cluster_label				https://doi.org/10.1016/j.cell.2021.04.021						140_L3 IT ENTl	CTX-HPF 140	140_L3 IT ENTl	Cortical plate; Hippocampal formation	none; none	Zizhen Yao	CCN202106160
CS202106160_51	51_Vip	51_Vip	subclass_label:a547e761cb	Vip	cluster_label				https://doi.org/10.1016/j.cell.2021.04.021						51_Vip	CTX-HPF 051	51_Vip	Cortical plate; Hippocampal formation	none; none	Zizhen Yao	CCN202106160
CS202106160_156	156_L2/3 IT ENTl	156_L2/3 IT ENTl	subclass_label:9c706e279e	L2/3 IT ENTl	cluster_label				https://doi.org/10.1016/j.cell.2021.04.021						156_L2/3 IT ENTl	CTX-HPF 156	156_L2/3 IT ENTl	Cortical plate; Hippocampal formation	none; none	Zizhen Yao	CCN202106160
CS202106160_202	202_L5 IT CTX	202_L5 IT CTX	subclass_label:d88cf82cba	L5 IT CTX	cluster_label				https://doi.org/10.1016/j.cell.2021.04.021						202_L5 IT CTX	CTX-HPF 202	202_L5 IT CTX	Cortical plate; Hippocampal formation	none; none	Zizhen Yao	CCN202106160
CS202106160_95	95_Sst	95_Sst	CS202106160_444	Sst	cluster_label				https://doi.org/10.1016/j.cell.2021.04.021						95_Sst	CTX-HPF 095	95_Sst	Cortical plate; Hippocampal formation	none; none	Zizhen Yao	CCN202106160
CS202106160_233	233_L6 IT ENTl	233_L6 IT ENTl	subclass_label:7ec93c83f4	L6 IT ENTl	cluster_label				https://doi.org/10.1016/j.cell.2021.04.021						233_L6 IT ENTl	CTX-HPF 233	233_L6 IT ENTl	Cortical plate; Hippocampal formation	none; none	Zizhen Yao	CCN202106160
CS202106160_170	170_L2/3 IT CTX	170_L2/3 IT CTX	CS202106160_494	L2/3 IT CTX	cluster_label				https://doi.org/10.1016/j.cell.2021.04.021						170_L2/3 IT CTX	CTX-HPF 170	170_L2/3 IT CTX	Cortical plate; Hippocampal formation	none; none	Zizhen Yao	CCN202106160
CS202106160_168	168_L2/3 IT CTX	168_L2/3 IT CTX	CS202106160_494	L2/3 IT CTX	cluster_label				https://doi.org/10.1016/j.cell.2021.04.021						168_L2/3 IT CTX	CTX-HPF 168	168_L2/3 IT CTX	Cortical plate; Hippocampal formation	none; none	Zizhen Yao	CCN202106160
CS202106160_191	191_L4/5 IT CTX	191_L4/5 IT CTX	subclass_label:40ec201664	L4/5 IT CTX	cluster_label				https://doi.org/10.1016/j.cell.2021.04.021						191_L4/5 IT CTX	CTX-HPF 191	191_L4/5 IT CTX	Cortical plate; Hippocampal formation	none; none	Zizhen Yao	CCN202106160
CS202106160_144	144_L2/3 IT PAR	144_L2/3 IT PAR	subclass_label:5d7a3b937f	L2/3 IT PPP	cluster_label				https://doi.org/10.1016/j.cell.2021.04.021						144_L2/3 IT PAR	CTX-HPF 144	144_L2/3 IT PAR	Cortical plate; Hippocampal formation	none; none	Zizhen Yao	CCN202106160
CS202106160_54	54_Vip HPF	54_Vip HPF	subclass_label:a547e761cb	Vip	cluster_label				https://doi.org/10.1016/j.cell.2021.04.021						54_Vip HPF	CTX-HPF 054	54_Vip HPF	Cortical plate; Hippocampal formation	none; none	Zizhen Yao	CCN202106160
CS202106160_280	280_L6 CT CTX	280_L6 CT CTX	CS202106160_548	L6 CT CTX	cluster_label				https://doi.org/10.1016/j.cell.2021.04.021						280_L6 CT CTX	CTX-HPF 280	280_L6 CT CTX	Cortical plate; Hippocampal formation	none; none	Zizhen Yao	CCN202106160
CS202106160_264	264_L5/6 NP CTX	264_L5/6 NP CTX	CS202106160_538	L5/6 NP CTX	cluster_label				https://doi.org/10.1016/j.cell.2021.04.021						264_L5/6 NP CTX	CTX-HPF 264	264_L5/6 NP CTX	Cortical plate; Hippocampal formation	none; none	Zizhen Yao	CCN202106160
CS202106160_353	353_CA3-ve	353_CA3-ve	CS202106160_578	CA3	cluster_label				https://doi.org/10.1016/j.cell.2021.04.021						353_CA3-ve	CTX-HPF 353	353_CA3-ve	Cortical plate; Hippocampal formation	none; none	Zizhen Yao	CCN202106160
CS202106160_238	238_Car3	238_Car3	CS202106160_525	Car3	cluster_label				https://doi.org/10.1016/j.cell.2021.04.021						238_Car3	CTX-HPF 238	238_Car3	Cortical plate; Hippocampal formation	none; none	Zizhen Yao	CCN202106160
CS202106160_300	300_L6b ENT	300_L6b ENT	subclass_label:d636443977	L6b/CT ENT	cluster_label				https://doi.org/10.1016/j.cell.2021.04.021						300_L6b ENT	CTX-HPF 300	300_L6b ENT	Cortical plate; Hippocampal formation	none; none	Zizhen Yao	CCN202106160
CS202106160_22	22_Sncg	22_Sncg	subclass_label:86d5f48b05	Sncg	cluster_label				https://doi.org/10.1016/j.cell.2021.04.021						22_Sncg	CTX-HPF 022	22_Sncg	Cortical plate; Hippocampal formation	none; none	Zizhen Yao	CCN202106160
CS202106160_101	101_Sst	101_Sst	CS202106160_444	Sst	cluster_label				https://doi.org/10.1016/j.cell.2021.04.021						101_Sst	CTX-HPF 101	101_Sst	Cortical plate; Hippocampal formation	none; none	Zizhen Yao	CCN202106160
CS202106160_386	386_Micro-PVM	386_Micro-PVM	CS202106160_608	Micro-PVM	cluster_label				https://doi.org/10.1016/j.cell.2021.04.021						386_Micro-PVM	CTX-HPF 386	386_Micro-PVM	Cortical plate; Hippocampal formation	none; none	Zizhen Yao	CCN202106160
CS202106160_201	201_L5 IT CTX	201_L5 IT CTX	subclass_label:d88cf82cba	L5 IT CTX	cluster_label				https://doi.org/10.1016/j.cell.2021.04.021						201_L5 IT CTX	CTX-HPF 201	201_L5 IT CTX	Cortical plate; Hippocampal formation	none; none	Zizhen Yao	CCN202106160
CS202106160_372	372_Oligo	372_Oligo	subclass_label:3deb6c773a	Oligo	cluster_label				https://doi.org/10.1016/j.cell.2021.04.021						372_Oligo	CTX-HPF 372	372_Oligo	Cortical plate; Hippocampal formation	none; none	Zizhen Yao	CCN202106160
CS202106160_273	273_NP SUB	273_NP SUB	CS202106160_541	NP SUB	cluster_label				https://doi.org/10.1016/j.cell.2021.04.021						273_NP SUB	CTX-HPF 273	273_NP SUB	Cortical plate; Hippocampal formation	none; none	Zizhen Yao	CCN202106160
CS202106160_208	208_L5/6 IT CTX	208_L5/6 IT CTX	subclass_label:d88cf82cba	L5 IT CTX	cluster_label				https://doi.org/10.1016/j.cell.2021.04.021						208_L5/6 IT CTX	CTX-HPF 208	208_L5/6 IT CTX	Cortical plate; Hippocampal formation	none; none	Zizhen Yao	CCN202106160
CS202106160_104	104_Sst HPF	104_Sst HPF	CS202106160_444	Sst	cluster_label				https://doi.org/10.1016/j.cell.2021.04.021						104_Sst HPF	CTX-HPF 104	104_Sst HPF	Cortical plate; Hippocampal formation	none; none	Zizhen Yao	CCN202106160
CS202106160_250	250_L5 PT CTX	250_L5 PT CTX	CS202106160_528	L5 PT CTX	cluster_label				https://doi.org/10.1016/j.cell.2021.04.021						250_L5 PT CTX	CTX-HPF 250	250_L5 PT CTX	Cortical plate; Hippocampal formation	none; none	Zizhen Yao	CCN202106160
CS202106160_62	62_Vip Igfbp6	62_Vip Igfbp6	subclass_label:a547e761cb	Vip	cluster_label				https://doi.org/10.1016/j.cell.2021.04.021						62_Vip Igfbp6	CTX-HPF 062	62_Vip Igfbp6	Cortical plate; Hippocampal formation	none; none	Zizhen Yao	CCN202106160
CS202106160_358	358_CA3-do	358_CA3-do	CS202106160_578	CA3	cluster_label				https://doi.org/10.1016/j.cell.2021.04.021						358_CA3-do	CTX-HPF 358	358_CA3-do	Cortical plate; Hippocampal formation	none; none	Zizhen Yao	CCN202106160
CS202106160_14	14_Lamp5	14_Lamp5	subclass_label:e40986e2c0	Lamp5	cluster_label				https://doi.org/10.1016/j.cell.2021.04.021						14_Lamp5	CTX-HPF 014	14_Lamp5	Cortical plate; Hippocampal formation	none; none	Zizhen Yao	CCN202106160
CS202106160_117	117_Pvalb	117_Pvalb	CS202106160_463	Pvalb	cluster_label				https://doi.org/10.1016/j.cell.2021.04.021						117_Pvalb	CTX-HPF 117	117_Pvalb	Cortical plate; Hippocampal formation	none; none	Zizhen Yao	CCN202106160
CS202106160_128	128_L2 IT APr	128_L2 IT APr	subclass_label:5d7a3b937f	L2/3 IT PPP	cluster_label				https://doi.org/10.1016/j.cell.2021.04.021						128_L2 IT APr	CTX-HPF 128	128_L2 IT APr	Cortical plate; Hippocampal formation	none; none	Zizhen Yao	CCN202106160
CS202106160_314	314_L6b CTX	314_L6b CTX	subclass_label:8fb647662f	L6b CTX	cluster_label				https://doi.org/10.1016/j.cell.2021.04.021						314_L6b CTX	CTX-HPF 314	314_L6b CTX	Cortical plate; Hippocampal formation	none; none	Zizhen Yao	CCN202106160
CS202106160_338	338_CA1	338_CA1	subclass_label:5c6ec72876	CA1-ProS	cluster_label				https://doi.org/10.1016/j.cell.2021.04.021						338_CA1	CTX-HPF 338	338_CA1	Cortical plate; Hippocampal formation	none; none	Zizhen Yao	CCN202106160
CS202106160_159	159_L2/3 IT AI	159_L2/3 IT AI	subclass_label:9c706e279e	L2/3 IT ENTl	cluster_label				https://doi.org/10.1016/j.cell.2021.04.021						159_L2/3 IT AI	CTX-HPF 159	159_L2/3 IT AI	Cortical plate; Hippocampal formation	none; none	Zizhen Yao	CCN202106160
CS202106160_319	319_SUB	319_SUB	subclass_label:a416c5553f	SUB-ProS	cluster_label				https://doi.org/10.1016/j.cell.2021.04.021						319_SUB	CTX-HPF 319	319_SUB	Cortical plate; Hippocampal formation	none; none	Zizhen Yao	CCN202106160
CS202106160_182	182_L4/5 IT CTX	182_L4/5 IT CTX	subclass_label:40ec201664	L4/5 IT CTX	cluster_label				https://doi.org/10.1016/j.cell.2021.04.021						182_L4/5 IT CTX	CTX-HPF 182	182_L4/5 IT CTX	Cortical plate; Hippocampal formation	none; none	Zizhen Yao	CCN202106160
CS202106160_207	207_L5/6 IT CTX	207_L5/6 IT CTX	subclass_label:d88cf82cba	L5 IT CTX	cluster_label				https://doi.org/10.1016/j.cell.2021.04.021						207_L5/6 IT CTX	CTX-HPF 207	207_L5/6 IT CTX	Cortical plate; Hippocampal formation	none; none	Zizhen Yao	CCN202106160
CS202106160_271	271_NP SUB	271_NP SUB	CS202106160_541	NP SUB	cluster_label				https://doi.org/10.1016/j.cell.2021.04.021						271_NP SUB	CTX-HPF 271	271_NP SUB	Cortical plate; Hippocampal formation	none; none	Zizhen Yao	CCN202106160
CS202106160_5	5_Lamp5 Lhx6	5_Lamp5 Lhx6	subclass_label:e40986e2c0	Lamp5	cluster_label				https://doi.org/10.1016/j.cell.2021.04.021						5_Lamp5 Lhx6	CTX-HPF 005	5_Lamp5 Lhx6	Cortical plate; Hippocampal formation	none; none	Zizhen Yao	CCN202106160
CS202106160_162	162_L2/3 IT CTX	162_L2/3 IT CTX	CS202106160_494	L2/3 IT CTX	cluster_label				https://doi.org/10.1016/j.cell.2021.04.021						162_L2/3 IT CTX	CTX-HPF 162	162_L2/3 IT CTX	Cortical plate; Hippocampal formation	none; none	Zizhen Yao	CCN202106160
CS202106160_142	142_L2/3 IT PAR	142_L2/3 IT PAR	subclass_label:5d7a3b937f	L2/3 IT PPP	cluster_label				https://doi.org/10.1016/j.cell.2021.04.021						142_L2/3 IT PAR	CTX-HPF 142	142_L2/3 IT PAR	Cortical plate; Hippocampal formation	none; none	Zizhen Yao	CCN202106160
CS202106160_81	81_Sst	81_Sst	CS202106160_444	Sst	cluster_label				https://doi.org/10.1016/j.cell.2021.04.021						81_Sst	CTX-HPF 081	81_Sst	Cortical plate; Hippocampal formation	none; none	Zizhen Yao	CCN202106160
CS202106160_183	183_L4/5 IT CTX	183_L4/5 IT CTX	subclass_label:40ec201664	L4/5 IT CTX	cluster_label				https://doi.org/10.1016/j.cell.2021.04.021						183_L4/5 IT CTX	CTX-HPF 183	183_L4/5 IT CTX	Cortical plate; Hippocampal formation	none; none	Zizhen Yao	CCN202106160
CS202106160_376	376_Astro	376_Astro	subclass_label:ae2c9ed8f1	Astro	cluster_label				https://doi.org/10.1016/j.cell.2021.04.021						376_Astro	CTX-HPF 376	376_Astro	Cortical plate; Hippocampal formation	none; none	Zizhen Yao	CCN202106160
CS202106160_97	97_Sst	97_Sst	CS202106160_444	Sst	cluster_label				https://doi.org/10.1016/j.cell.2021.04.021						97_Sst	CTX-HPF 097	97_Sst	Cortical plate; Hippocampal formation	none; none	Zizhen Yao	CCN202106160
CS202106160_294	294_CT SUB	294_CT SUB	CS202106160_551	CT SUB	cluster_label				https://doi.org/10.1016/j.cell.2021.04.021						294_CT SUB	CTX-HPF 294	294_CT SUB	Cortical plate; Hippocampal formation	none; none	Zizhen Yao	CCN202106160
CS202106160_322	322_ProS	322_ProS	subclass_label:a416c5553f	SUB-ProS	cluster_label				https://doi.org/10.1016/j.cell.2021.04.021						322_ProS	CTX-HPF 322	322_ProS	Cortical plate; Hippocampal formation	none; none	Zizhen Yao	CCN202106160
CS202106160_296	296_CT SUB	296_CT SUB	CS202106160_551	CT SUB	cluster_label				https://doi.org/10.1016/j.cell.2021.04.021						296_CT SUB	CTX-HPF 296	296_CT SUB	Cortical plate; Hippocampal formation	none; none	Zizhen Yao	CCN202106160
CS202106160_19	19_Pax6	19_Pax6	subclass_label:e40986e2c0	Lamp5	cluster_label				https://doi.org/10.1016/j.cell.2021.04.021						19_Pax6	CTX-HPF 019	19_Pax6	Cortical plate; Hippocampal formation	none; none	Zizhen Yao	CCN202106160
CS202106160_148	148_L2 IT ENTm	148_L2 IT ENTm	CS202106160_486	L2 IT ENTm	cluster_label				https://doi.org/10.1016/j.cell.2021.04.021						148_L2 IT ENTm	CTX-HPF 148	148_L2 IT ENTm	Cortical plate; Hippocampal formation	none; none	Zizhen Yao	CCN202106160
CS202106160_57	57_Vip Igfbp6	57_Vip Igfbp6	subclass_label:a547e761cb	Vip	cluster_label				https://doi.org/10.1016/j.cell.2021.04.021						57_Vip Igfbp6	CTX-HPF 057	57_Vip Igfbp6	Cortical plate; Hippocampal formation	none; none	Zizhen Yao	CCN202106160
CS202106160_365	365_Oligo	365_Oligo	subclass_label:3deb6c773a	Oligo	cluster_label				https://doi.org/10.1016/j.cell.2021.04.021						365_Oligo	CTX-HPF 365	365_Oligo	Cortical plate; Hippocampal formation	none; none	Zizhen Yao	CCN202106160
CS202106160_209	209_L5/6 IT CTX	209_L5/6 IT CTX	subclass_label:d88cf82cba	L5 IT CTX	cluster_label				https://doi.org/10.1016/j.cell.2021.04.021						209_L5/6 IT CTX	CTX-HPF 209	209_L5/6 IT CTX	Cortical plate; Hippocampal formation	none; none	Zizhen Yao	CCN202106160
CS202106160_134	134_L2 IT RSP-ACA	134_L2 IT RSP-ACA	subclass_label:5d7a3b937f	L2/3 IT PPP	cluster_label				https://doi.org/10.1016/j.cell.2021.04.021						134_L2 IT RSP-ACA	CTX-HPF 134	134_L2 IT RSP-ACA	Cortical plate; Hippocampal formation	none; none	Zizhen Yao	CCN202106160
CS202106160_35	35_Sncg	35_Sncg	subclass_label:86d5f48b05	Sncg	cluster_label				https://doi.org/10.1016/j.cell.2021.04.021						35_Sncg	CTX-HPF 035	35_Sncg	Cortical plate; Hippocampal formation	none; none	Zizhen Yao	CCN202106160
CS202106160_297	297_CT SUB	297_CT SUB	CS202106160_551	CT SUB	cluster_label				https://doi.org/10.1016/j.cell.2021.04.021						297_CT SUB	CTX-HPF 297	297_CT SUB	Cortical plate; Hippocampal formation	none; none	Zizhen Yao	CCN202106160
CS202106160_292	292_L6 CT CTX	292_L6 CT CTX	CS202106160_548	L6 CT CTX	cluster_label				https://doi.org/10.1016/j.cell.2021.04.021						292_L6 CT CTX	CTX-HPF 292	292_L6 CT CTX	Cortical plate; Hippocampal formation	none; none	Zizhen Yao	CCN202106160
CS202106160_11	11_Lamp5	11_Lamp5	subclass_label:e40986e2c0	Lamp5	cluster_label				https://doi.org/10.1016/j.cell.2021.04.021						11_Lamp5	CTX-HPF 011	11_Lamp5	Cortical plate; Hippocampal formation	none; none	Zizhen Yao	CCN202106160
CS202106160_284	284_L6 CT CTX	284_L6 CT CTX	CS202106160_548	L6 CT CTX	cluster_label				https://doi.org/10.1016/j.cell.2021.04.021						284_L6 CT CTX	CTX-HPF 284	284_L6 CT CTX	Cortical plate; Hippocampal formation	none; none	Zizhen Yao	CCN202106160
CS202106160_229	229_L6 IT CTX	229_L6 IT CTX	subclass_label:10db4e9506	L6 IT CTX	cluster_label				https://doi.org/10.1016/j.cell.2021.04.021						229_L6 IT CTX	CTX-HPF 229	229_L6 IT CTX	Cortical plate; Hippocampal formation	none; none	Zizhen Yao	CCN202106160
CS202106160_290	290_L6 CT CTX	290_L6 CT CTX	CS202106160_548	L6 CT CTX	cluster_label				https://doi.org/10.1016/j.cell.2021.04.021						290_L6 CT CTX	CTX-HPF 290	290_L6 CT CTX	Cortical plate; Hippocampal formation	none; none	Zizhen Yao	CCN202106160
CS202106160_84	84_Sst	84_Sst	CS202106160_444	Sst	cluster_label				https://doi.org/10.1016/j.cell.2021.04.021						84_Sst	CTX-HPF 084	84_Sst	Cortical plate; Hippocampal formation	none; none	Zizhen Yao	CCN202106160
CS202106160_18	18_Lamp5	18_Lamp5	subclass_label:e40986e2c0	Lamp5	cluster_label				https://doi.org/10.1016/j.cell.2021.04.021						18_Lamp5	CTX-HPF 018	18_Lamp5	Cortical plate; Hippocampal formation	none; none	Zizhen Yao	CCN202106160
CS202106160_77	77_Sst HPF	77_Sst HPF	CS202106160_444	Sst	cluster_label				https://doi.org/10.1016/j.cell.2021.04.021						77_Sst HPF	CTX-HPF 077	77_Sst HPF	Cortical plate; Hippocampal formation	none; none	Zizhen Yao	CCN202106160
CS202106160_289	289_L6 CT CTX	289_L6 CT CTX	CS202106160_548	L6 CT CTX	cluster_label				https://doi.org/10.1016/j.cell.2021.04.021						289_L6 CT CTX	CTX-HPF 289	289_L6 CT CTX	Cortical plate; Hippocampal formation	none; none	Zizhen Yao	CCN202106160
CS202106160_89	89_Sst	89_Sst	CS202106160_444	Sst	cluster_label				https://doi.org/10.1016/j.cell.2021.04.021						89_Sst	CTX-HPF 089	89_Sst	Cortical plate; Hippocampal formation	none; none	Zizhen Yao	CCN202106160
CS202106160_8	8_Lamp5 Lhx6	8_Lamp5 Lhx6	subclass_label:e40986e2c0	Lamp5	cluster_label				https://doi.org/10.1016/j.cell.2021.04.021						8_Lamp5 Lhx6	CTX-HPF 008	8_Lamp5 Lhx6	Cortical plate; Hippocampal formation	none; none	Zizhen Yao	CCN202106160
CS202106160_272	272_NP SUB	272_NP SUB	CS202106160_541	NP SUB	cluster_label				https://doi.org/10.1016/j.cell.2021.04.021						272_NP SUB	CTX-HPF 272	272_NP SUB	Cortical plate; Hippocampal formation	none; none	Zizhen Yao	CCN202106160
CS202106160_350	350_Mossy	350_Mossy	CS202106160_578	CA3	cluster_label				https://doi.org/10.1016/j.cell.2021.04.021						350_Mossy	CTX-HPF 350	350_Mossy	Cortical plate; Hippocampal formation	none; none	Zizhen Yao	CCN202106160
CS202106160_261	261_L4 RSP-ACA	261_L4 RSP-ACA	CS202106160_535	L4 RSP-ACA	cluster_label				https://doi.org/10.1016/j.cell.2021.04.021						261_L4 RSP-ACA	CTX-HPF 261	261_L4 RSP-ACA	Cortical plate; Hippocampal formation	none; none	Zizhen Yao	CCN202106160
CS202106160_317	317_L6b CTX	317_L6b CTX	subclass_label:8fb647662f	L6b CTX	cluster_label				https://doi.org/10.1016/j.cell.2021.04.021						317_L6b CTX	CTX-HPF 317	317_L6b CTX	Cortical plate; Hippocampal formation	none; none	Zizhen Yao	CCN202106160
CS202106160_149	149_L2 IT ENTm	149_L2 IT ENTm	CS202106160_486	L2 IT ENTm	cluster_label				https://doi.org/10.1016/j.cell.2021.04.021						149_L2 IT ENTm	CTX-HPF 149	149_L2 IT ENTm	Cortical plate; Hippocampal formation	none; none	Zizhen Yao	CCN202106160
CS202106160_235	235_L6 IT ENTl	235_L6 IT ENTl	subclass_label:7ec93c83f4	L6 IT ENTl	cluster_label				https://doi.org/10.1016/j.cell.2021.04.021						235_L6 IT ENTl	CTX-HPF 235	235_L6 IT ENTl	Cortical plate; Hippocampal formation	none; none	Zizhen Yao	CCN202106160
CS202106160_368	368_Oligo	368_Oligo	subclass_label:3deb6c773a	Oligo	cluster_label				https://doi.org/10.1016/j.cell.2021.04.021						368_Oligo	CTX-HPF 368	368_Oligo	Cortical plate; Hippocampal formation	none; none	Zizhen Yao	CCN202106160
CS202106160_165	165_L2/3 IT CTX	165_L2/3 IT CTX	CS202106160_494	L2/3 IT CTX	cluster_label				https://doi.org/10.1016/j.cell.2021.04.021						165_L2/3 IT CTX	CTX-HPF 165	165_L2/3 IT CTX	Cortical plate; Hippocampal formation	none; none	Zizhen Yao	CCN202106160
CS202106160_387	387_Micro-PVM	387_Micro-PVM	CS202106160_608	Micro-PVM	cluster_label				https://doi.org/10.1016/j.cell.2021.04.021						387_Micro-PVM	CTX-HPF 387	387_Micro-PVM	Cortical plate; Hippocampal formation	none; none	Zizhen Yao	CCN202106160
CS202106160_370	370_Oligo	370_Oligo	subclass_label:3deb6c773a	Oligo	cluster_label				https://doi.org/10.1016/j.cell.2021.04.021						370_Oligo	CTX-HPF 370	370_Oligo	Cortical plate; Hippocampal formation	none; none	Zizhen Yao	CCN202106160
CS202106160_64	64_Sst Chodl	64_Sst Chodl	CS202106160_441	Sst Chodl	cluster_label				https://doi.org/10.1016/j.cell.2021.04.021						64_Sst Chodl	CTX-HPF 064	64_Sst Chodl	Cortical plate; Hippocampal formation	none; none	Zizhen Yao	CCN202106160
CS202106160_384	384_VLMC	384_VLMC	CS202106160_606	VLMC	cluster_label				https://doi.org/10.1016/j.cell.2021.04.021						384_VLMC	CTX-HPF 384	384_VLMC	Cortical plate; Hippocampal formation	none; none	Zizhen Yao	CCN202106160
CS202106160_341	341_CA1	341_CA1	subclass_label:5c6ec72876	CA1-ProS	cluster_label				https://doi.org/10.1016/j.cell.2021.04.021						341_CA1	CTX-HPF 341	341_CA1	Cortical plate; Hippocampal formation	none; none	Zizhen Yao	CCN202106160
CS202106160_339	339_CA1	339_CA1	subclass_label:5c6ec72876	CA1-ProS	cluster_label				https://doi.org/10.1016/j.cell.2021.04.021						339_CA1	CTX-HPF 339	339_CA1	Cortical plate; Hippocampal formation	none; none	Zizhen Yao	CCN202106160
CS202106160_94	94_Sst	94_Sst	CS202106160_444	Sst	cluster_label				https://doi.org/10.1016/j.cell.2021.04.021						94_Sst	CTX-HPF 094	94_Sst	Cortical plate; Hippocampal formation	none; none	Zizhen Yao	CCN202106160
CS202106160_369	369_Oligo	369_Oligo	subclass_label:3deb6c773a	Oligo	cluster_label				https://doi.org/10.1016/j.cell.2021.04.021						369_Oligo	CTX-HPF 369	369_Oligo	Cortical plate; Hippocampal formation	none; none	Zizhen Yao	CCN202106160
CS202106160_373	373_Oligo	373_Oligo	subclass_label:3deb6c773a	Oligo	cluster_label				https://doi.org/10.1016/j.cell.2021.04.021						373_Oligo	CTX-HPF 373	373_Oligo	Cortical plate; Hippocampal formation	none; none	Zizhen Yao	CCN202106160
CS202106160_304	304_L6b CTX	304_L6b CTX	subclass_label:8fb647662f	L6b CTX	cluster_label				https://doi.org/10.1016/j.cell.2021.04.021						304_L6b CTX	CTX-HPF 304	304_L6b CTX	Cortical plate; Hippocampal formation	none; none	Zizhen Yao	CCN202106160
CS202106160_34	34_Sncg	34_Sncg	subclass_label:86d5f48b05	Sncg	cluster_label				https://doi.org/10.1016/j.cell.2021.04.021						34_Sncg	CTX-HPF 034	34_Sncg	Cortical plate; Hippocampal formation	none; none	Zizhen Yao	CCN202106160
CS202106160_377	377_Astro	377_Astro	subclass_label:ae2c9ed8f1	Astro	cluster_label				https://doi.org/10.1016/j.cell.2021.04.021						377_Astro	CTX-HPF 377	377_Astro	Cortical plate; Hippocampal formation	none; none	Zizhen Yao	CCN202106160
CS202106160_222	222_L6 IT CTX	222_L6 IT CTX	subclass_label:10db4e9506	L6 IT CTX	cluster_label				https://doi.org/10.1016/j.cell.2021.04.021						222_L6 IT CTX	CTX-HPF 222	222_L6 IT CTX	Cortical plate; Hippocampal formation	none; none	Zizhen Yao	CCN202106160
CS202106160_203	203_L5/6 IT CTX	203_L5/6 IT CTX	subclass_label:d88cf82cba	L5 IT CTX	cluster_label				https://doi.org/10.1016/j.cell.2021.04.021						203_L5/6 IT CTX	CTX-HPF 203	203_L5/6 IT CTX	Cortical plate; Hippocampal formation	none; none	Zizhen Yao	CCN202106160
CS202106160_123	123_Pvalb Vipr2	123_Pvalb Vipr2	CS202106160_463	Pvalb	cluster_label				https://doi.org/10.1016/j.cell.2021.04.021						123_Pvalb Vipr2	CTX-HPF 123	123_Pvalb Vipr2	Cortical plate; Hippocampal formation	none; none	Zizhen Yao	CCN202106160
CS202106160_43	43_Vip	43_Vip	subclass_label:a547e761cb	Vip	cluster_label				https://doi.org/10.1016/j.cell.2021.04.021						43_Vip	CTX-HPF 043	43_Vip	Cortical plate; Hippocampal formation	none; none	Zizhen Yao	CCN202106160
CS202106160_251	251_L5 PT CTX	251_L5 PT CTX	CS202106160_528	L5 PT CTX	cluster_label				https://doi.org/10.1016/j.cell.2021.04.021						251_L5 PT CTX	CTX-HPF 251	251_L5 PT CTX	Cortical plate; Hippocampal formation	none; none	Zizhen Yao	CCN202106160
CS202106160_3	3_Meis2	3_Meis2	CS202106160_396	Meis2	cluster_label				https://doi.org/10.1016/j.cell.2021.04.021						3_Meis2	CTX-HPF 003	3_Meis2	Cortical plate; Hippocampal formation	none; none	Zizhen Yao	CCN202106160
CS202106160_221	221_L6 IT CTX	221_L6 IT CTX	subclass_label:10db4e9506	L6 IT CTX	cluster_label				https://doi.org/10.1016/j.cell.2021.04.021						221_L6 IT CTX	CTX-HPF 221	221_L6 IT CTX	Cortical plate; Hippocampal formation	none; none	Zizhen Yao	CCN202106160
CS202106160_175	175_IT HATA	175_IT HATA	CS202106160_498	L2/3 IT RHP	cluster_label				https://doi.org/10.1016/j.cell.2021.04.021						175_IT HATA	CTX-HPF 175	175_IT HATA	Cortical plate; Hippocampal formation	none; none	Zizhen Yao	CCN202106160
CS202106160_108	108_Pvalb	108_Pvalb	CS202106160_463	Pvalb	cluster_label				https://doi.org/10.1016/j.cell.2021.04.021						108_Pvalb	CTX-HPF 108	108_Pvalb	Cortical plate; Hippocampal formation	none; none	Zizhen Yao	CCN202106160
CS202106160_313	313_L6b CTX	313_L6b CTX	subclass_label:8fb647662f	L6b CTX	cluster_label				https://doi.org/10.1016/j.cell.2021.04.021						313_L6b CTX	CTX-HPF 313	313_L6b CTX	Cortical plate; Hippocampal formation	none; none	Zizhen Yao	CCN202106160
CS202106160_70	70_Sst	70_Sst	CS202106160_444	Sst	cluster_label				https://doi.org/10.1016/j.cell.2021.04.021						70_Sst	CTX-HPF 070	70_Sst	Cortical plate; Hippocampal formation	none; none	Zizhen Yao	CCN202106160
CS202106160_39	39_Sncg	39_Sncg	subclass_label:86d5f48b05	Sncg	cluster_label				https://doi.org/10.1016/j.cell.2021.04.021						39_Sncg	CTX-HPF 039	39_Sncg	Cortical plate; Hippocampal formation	none; none	Zizhen Yao	CCN202106160
CS202106160_281	281_L6 CT CTX	281_L6 CT CTX	CS202106160_548	L6 CT CTX	cluster_label				https://doi.org/10.1016/j.cell.2021.04.021						281_L6 CT CTX	CTX-HPF 281	281_L6 CT CTX	Cortical plate; Hippocampal formation	none; none	Zizhen Yao	CCN202106160
CS202106160_111	111_Pvalb	111_Pvalb	CS202106160_463	Pvalb	cluster_label				https://doi.org/10.1016/j.cell.2021.04.021						111_Pvalb	CTX-HPF 111	111_Pvalb	Cortical plate; Hippocampal formation	none; none	Zizhen Yao	CCN202106160
CS202106160_213	213_L5/6 IT TPE-ENT	213_L5/6 IT TPE-ENT	subclass_label:753888bc28	L5/6 IT TPE-ENT	cluster_label				https://doi.org/10.1016/j.cell.2021.04.021						213_L5/6 IT TPE-ENT	CTX-HPF 213	213_L5/6 IT TPE-ENT	Cortical plate; Hippocampal formation	none; none	Zizhen Yao	CCN202106160
CS202106160_58	58_Vip Igfbp6	58_Vip Igfbp6	subclass_label:a547e761cb	Vip	cluster_label				https://doi.org/10.1016/j.cell.2021.04.021						58_Vip Igfbp6	CTX-HPF 058	58_Vip Igfbp6	Cortical plate; Hippocampal formation	none; none	Zizhen Yao	CCN202106160
CS202106160_193	193_L4/5 IT CTX	193_L4/5 IT CTX	subclass_label:40ec201664	L4/5 IT CTX	cluster_label				https://doi.org/10.1016/j.cell.2021.04.021						193_L4/5 IT CTX	CTX-HPF 193	193_L4/5 IT CTX	Cortical plate; Hippocampal formation	none; none	Zizhen Yao	CCN202106160
CS202106160_323	323_ProS	323_ProS	subclass_label:a416c5553f	SUB-ProS	cluster_label				https://doi.org/10.1016/j.cell.2021.04.021						323_ProS	CTX-HPF 323	323_ProS	Cortical plate; Hippocampal formation	none; none	Zizhen Yao	CCN202106160
CS202106160_333	333_CA1-ProS	333_CA1-ProS	subclass_label:5c6ec72876	CA1-ProS	cluster_label				https://doi.org/10.1016/j.cell.2021.04.021						333_CA1-ProS	CTX-HPF 333	333_CA1-ProS	Cortical plate; Hippocampal formation	none; none	Zizhen Yao	CCN202106160
CS202106160_132	132_L2 IT RSPv-POST-PRE	132_L2 IT RSPv-POST-PRE	subclass_label:5d7a3b937f	L2/3 IT PPP	cluster_label				https://doi.org/10.1016/j.cell.2021.04.021						132_L2 IT RSPv-POST-PRE	CTX-HPF 132	132_L2 IT RSPv-POST-PRE	Cortical plate; Hippocampal formation	none; none	Zizhen Yao	CCN202106160
CS202106160_269	269_L5/6 NP CTX	269_L5/6 NP CTX	CS202106160_538	L5/6 NP CTX	cluster_label				https://doi.org/10.1016/j.cell.2021.04.021						269_L5/6 NP CTX	CTX-HPF 269	269_L5/6 NP CTX	Cortical plate; Hippocampal formation	none; none	Zizhen Yao	CCN202106160
CS202106160_244	244_L5 PT CTX	244_L5 PT CTX	CS202106160_528	L5 PT CTX	cluster_label				https://doi.org/10.1016/j.cell.2021.04.021						244_L5 PT CTX	CTX-HPF 244	244_L5 PT CTX	Cortical plate; Hippocampal formation	none; none	Zizhen Yao	CCN202106160
CS202106160_301	301_L6b ENT	301_L6b ENT	subclass_label:d636443977	L6b/CT ENT	cluster_label				https://doi.org/10.1016/j.cell.2021.04.021						301_L6b ENT	CTX-HPF 301	301_L6b ENT	Cortical plate; Hippocampal formation	none; none	Zizhen Yao	CCN202106160
CS202106160_86	86_Sst	86_Sst	CS202106160_444	Sst	cluster_label				https://doi.org/10.1016/j.cell.2021.04.021						86_Sst	CTX-HPF 086	86_Sst	Cortical plate; Hippocampal formation	none; none	Zizhen Yao	CCN202106160
CS202106160_228	228_L6 IT CTX	228_L6 IT CTX	subclass_label:10db4e9506	L6 IT CTX	cluster_label				https://doi.org/10.1016/j.cell.2021.04.021						228_L6 IT CTX	CTX-HPF 228	228_L6 IT CTX	Cortical plate; Hippocampal formation	none; none	Zizhen Yao	CCN202106160
CS202106160_44	44_Vip	44_Vip	subclass_label:a547e761cb	Vip	cluster_label				https://doi.org/10.1016/j.cell.2021.04.021						44_Vip	CTX-HPF 044	44_Vip	Cortical plate; Hippocampal formation	none; none	Zizhen Yao	CCN202106160
CS202106160_256	256_L5 PT CTX	256_L5 PT CTX	CS202106160_528	L5 PT CTX	cluster_label				https://doi.org/10.1016/j.cell.2021.04.021						256_L5 PT CTX	CTX-HPF 256	256_L5 PT CTX	Cortical plate; Hippocampal formation	none; none	Zizhen Yao	CCN202106160
CS202106160_125	125_L2 IT APr	125_L2 IT APr	subclass_label:5d7a3b937f	L2/3 IT PPP	cluster_label				https://doi.org/10.1016/j.cell.2021.04.021						125_L2 IT APr	CTX-HPF 125	125_L2 IT APr	Cortical plate; Hippocampal formation	none; none	Zizhen Yao	CCN202106160
CS202106160_196	196_L5 IT CTX	196_L5 IT CTX	subclass_label:d88cf82cba	L5 IT CTX	cluster_label				https://doi.org/10.1016/j.cell.2021.04.021						196_L5 IT CTX	CTX-HPF 196	196_L5 IT CTX	Cortical plate; Hippocampal formation	none; none	Zizhen Yao	CCN202106160
CS202106160_166	166_L2/3 IT CTX	166_L2/3 IT CTX	CS202106160_494	L2/3 IT CTX	cluster_label				https://doi.org/10.1016/j.cell.2021.04.021						166_L2/3 IT CTX	CTX-HPF 166	166_L2/3 IT CTX	Cortical plate; Hippocampal formation	none; none	Zizhen Yao	CCN202106160
CS202106160_260	260_L5 PT CTX	260_L5 PT CTX	CS202106160_528	L5 PT CTX	cluster_label				https://doi.org/10.1016/j.cell.2021.04.021						260_L5 PT CTX	CTX-HPF 260	260_L5 PT CTX	Cortical plate; Hippocampal formation	none; none	Zizhen Yao	CCN202106160
CS202106160_121	121_Pvalb	121_Pvalb	CS202106160_463	Pvalb	cluster_label				https://doi.org/10.1016/j.cell.2021.04.021						121_Pvalb	CTX-HPF 121	121_Pvalb	Cortical plate; Hippocampal formation	none; none	Zizhen Yao	CCN202106160
CS202106160_2	2_Meis2	2_Meis2	CS202106160_396	Meis2	cluster_label				https://doi.org/10.1016/j.cell.2021.04.021						2_Meis2	CTX-HPF 002	2_Meis2	Cortical plate; Hippocampal formation	none; none	Zizhen Yao	CCN202106160
CS202106160_379	379_Endo	379_Endo	subclass_label:f5fad7e30c	Endo	cluster_label				https://doi.org/10.1016/j.cell.2021.04.021						379_Endo	CTX-HPF 379	379_Endo	Cortical plate; Hippocampal formation	none; none	Zizhen Yao	CCN202106160
CS202106160_112	112_Pvalb	112_Pvalb	CS202106160_463	Pvalb	cluster_label				https://doi.org/10.1016/j.cell.2021.04.021						112_Pvalb	CTX-HPF 112	112_Pvalb	Cortical plate; Hippocampal formation	none; none	Zizhen Yao	CCN202106160
CS202106160_76	76_Sst	76_Sst	CS202106160_444	Sst	cluster_label				https://doi.org/10.1016/j.cell.2021.04.021						76_Sst	CTX-HPF 076	76_Sst	Cortical plate; Hippocampal formation	none; none	Zizhen Yao	CCN202106160
CS202106160_177	177_IT HATA	177_IT HATA	CS202106160_498	L2/3 IT RHP	cluster_label				https://doi.org/10.1016/j.cell.2021.04.021						177_IT HATA	CTX-HPF 177	177_IT HATA	Cortical plate; Hippocampal formation	none; none	Zizhen Yao	CCN202106160
CS202106160_53	53_Vip	53_Vip	subclass_label:a547e761cb	Vip	cluster_label				https://doi.org/10.1016/j.cell.2021.04.021						53_Vip	CTX-HPF 053	53_Vip	Cortical plate; Hippocampal formation	none; none	Zizhen Yao	CCN202106160
CS202106160_220	220_L6 IT CTX	220_L6 IT CTX	subclass_label:10db4e9506	L6 IT CTX	cluster_label				https://doi.org/10.1016/j.cell.2021.04.021						220_L6 IT CTX	CTX-HPF 220	220_L6 IT CTX	Cortical plate; Hippocampal formation	none; none	Zizhen Yao	CCN202106160
CS202106160_335	335_CA1-ve	335_CA1-ve	subclass_label:5c6ec72876	CA1-ProS	cluster_label				https://doi.org/10.1016/j.cell.2021.04.021						335_CA1-ve	CTX-HPF 335	335_CA1-ve	Cortical plate; Hippocampal formation	none; none	Zizhen Yao	CCN202106160
CS202106160_242	242_L5 PT CTX	242_L5 PT CTX	CS202106160_528	L5 PT CTX	cluster_label				https://doi.org/10.1016/j.cell.2021.04.021						242_L5 PT CTX	CTX-HPF 242	242_L5 PT CTX	Cortical plate; Hippocampal formation	none; none	Zizhen Yao	CCN202106160
CS202106160_354	354_CA3-ve	354_CA3-ve	CS202106160_578	CA3	cluster_label				https://doi.org/10.1016/j.cell.2021.04.021						354_CA3-ve	CTX-HPF 354	354_CA3-ve	Cortical plate; Hippocampal formation	none; none	Zizhen Yao	CCN202106160
CS202106160_164	164_L2/3 IT CTX	164_L2/3 IT CTX	CS202106160_494	L2/3 IT CTX	cluster_label				https://doi.org/10.1016/j.cell.2021.04.021						164_L2/3 IT CTX	CTX-HPF 164	164_L2/3 IT CTX	Cortical plate; Hippocampal formation	none; none	Zizhen Yao	CCN202106160
CS202106160_88	88_Sst	88_Sst	CS202106160_444	Sst	cluster_label				https://doi.org/10.1016/j.cell.2021.04.021						88_Sst	CTX-HPF 088	88_Sst	Cortical plate; Hippocampal formation	none; none	Zizhen Yao	CCN202106160
CS202106160_257	257_L5 PT CTX	257_L5 PT CTX	CS202106160_528	L5 PT CTX	cluster_label				https://doi.org/10.1016/j.cell.2021.04.021						257_L5 PT CTX	CTX-HPF 257	257_L5 PT CTX	Cortical plate; Hippocampal formation	none; none	Zizhen Yao	CCN202106160
CS202106160_276	276_NP PPP	276_NP PPP	CS202106160_544	NP PPP	cluster_label				https://doi.org/10.1016/j.cell.2021.04.021						276_NP PPP	CTX-HPF 276	276_NP PPP	Cortical plate; Hippocampal formation	none; none	Zizhen Yao	CCN202106160
CS202106160_73	73_Sst	73_Sst	CS202106160_444	Sst	cluster_label				https://doi.org/10.1016/j.cell.2021.04.021						73_Sst	CTX-HPF 073	73_Sst	Cortical plate; Hippocampal formation	none; none	Zizhen Yao	CCN202106160
CS202106160_120	120_Pvalb	120_Pvalb	CS202106160_463	Pvalb	cluster_label				https://doi.org/10.1016/j.cell.2021.04.021						120_Pvalb	CTX-HPF 120	120_Pvalb	Cortical plate; Hippocampal formation	none; none	Zizhen Yao	CCN202106160
CS202106160_266	266_L5/6 NP CTX	266_L5/6 NP CTX	CS202106160_538	L5/6 NP CTX	cluster_label				https://doi.org/10.1016/j.cell.2021.04.021						266_L5/6 NP CTX	CTX-HPF 266	266_L5/6 NP CTX	Cortical plate; Hippocampal formation	none; none	Zizhen Yao	CCN202106160
CS202106160_227	227_L6 IT CTX	227_L6 IT CTX	subclass_label:10db4e9506	L6 IT CTX	cluster_label				https://doi.org/10.1016/j.cell.2021.04.021						227_L6 IT CTX	CTX-HPF 227	227_L6 IT CTX	Cortical plate; Hippocampal formation	none; none	Zizhen Yao	CCN202106160
CS202106160_349	349_Mossy	349_Mossy	CS202106160_578	CA3	cluster_label				https://doi.org/10.1016/j.cell.2021.04.021						349_Mossy	CTX-HPF 349	349_Mossy	Cortical plate; Hippocampal formation	none; none	Zizhen Yao	CCN202106160
CS202106160_205	205_L5/6 IT CTX	205_L5/6 IT CTX	subclass_label:d88cf82cba	L5 IT CTX	cluster_label				https://doi.org/10.1016/j.cell.2021.04.021						205_L5/6 IT CTX	CTX-HPF 205	205_L5/6 IT CTX	Cortical plate; Hippocampal formation	none; none	Zizhen Yao	CCN202106160
CS202106160_305	305_L6b CTX	305_L6b CTX	subclass_label:8fb647662f	L6b CTX	cluster_label				https://doi.org/10.1016/j.cell.2021.04.021						305_L6b CTX	CTX-HPF 305	305_L6b CTX	Cortical plate; Hippocampal formation	none; none	Zizhen Yao	CCN202106160
CS202106160_274	274_NP SUB	274_NP SUB	CS202106160_541	NP SUB	cluster_label				https://doi.org/10.1016/j.cell.2021.04.021						274_NP SUB	CTX-HPF 274	274_NP SUB	Cortical plate; Hippocampal formation	none; none	Zizhen Yao	CCN202106160
CS202106160_270	270_L5/6 NP CT CTX	270_L5/6 NP CT CTX	CS202106160_538	L5/6 NP CTX	cluster_label				https://doi.org/10.1016/j.cell.2021.04.021						270_L5/6 NP CT CTX	CTX-HPF 270	270_L5/6 NP CT CTX	Cortical plate; Hippocampal formation	none; none	Zizhen Yao	CCN202106160
CS202106160_234	234_L6 IT ENTl	234_L6 IT ENTl	subclass_label:7ec93c83f4	L6 IT ENTl	cluster_label				https://doi.org/10.1016/j.cell.2021.04.021						234_L6 IT ENTl	CTX-HPF 234	234_L6 IT ENTl	Cortical plate; Hippocampal formation	none; none	Zizhen Yao	CCN202106160
CS202106160_167	167_L2/3 IT CTX	167_L2/3 IT CTX	CS202106160_494	L2/3 IT CTX	cluster_label				https://doi.org/10.1016/j.cell.2021.04.021						167_L2/3 IT CTX	CTX-HPF 167	167_L2/3 IT CTX	Cortical plate; Hippocampal formation	none; none	Zizhen Yao	CCN202106160
CS202106160_219	219_L6 IT CTX	219_L6 IT CTX	subclass_label:10db4e9506	L6 IT CTX	cluster_label				https://doi.org/10.1016/j.cell.2021.04.021						219_L6 IT CTX	CTX-HPF 219	219_L6 IT CTX	Cortical plate; Hippocampal formation	none; none	Zizhen Yao	CCN202106160
CS202106160_178	178_L4 IT CTX	178_L4 IT CTX	subclass_label:40ec201664	L4/5 IT CTX	cluster_label				https://doi.org/10.1016/j.cell.2021.04.021						178_L4 IT CTX	CTX-HPF 178	178_L4 IT CTX	Cortical plate; Hippocampal formation	none; none	Zizhen Yao	CCN202106160
CS202106160_237	237_Car3	237_Car3	CS202106160_525	Car3	cluster_label				https://doi.org/10.1016/j.cell.2021.04.021						237_Car3	CTX-HPF 237	237_Car3	Cortical plate; Hippocampal formation	none; none	Zizhen Yao	CCN202106160
CS202106160_79	79_Sst	79_Sst	CS202106160_444	Sst	cluster_label				https://doi.org/10.1016/j.cell.2021.04.021						79_Sst	CTX-HPF 079	79_Sst	Cortical plate; Hippocampal formation	none; none	Zizhen Yao	CCN202106160
CS202106160_247	247_L5 PT CTX	247_L5 PT CTX	CS202106160_528	L5 PT CTX	cluster_label				https://doi.org/10.1016/j.cell.2021.04.021						247_L5 PT CTX	CTX-HPF 247	247_L5 PT CTX	Cortical plate; Hippocampal formation	none; none	Zizhen Yao	CCN202106160
CS202106160_160	160_L2/3 IT ENTl	160_L2/3 IT ENTl	subclass_label:9c706e279e	L2/3 IT ENTl	cluster_label				https://doi.org/10.1016/j.cell.2021.04.021						160_L2/3 IT ENTl	CTX-HPF 160	160_L2/3 IT ENTl	Cortical plate; Hippocampal formation	none; none	Zizhen Yao	CCN202106160
CS202106160_115	115_Pvalb	115_Pvalb	CS202106160_463	Pvalb	cluster_label				https://doi.org/10.1016/j.cell.2021.04.021						115_Pvalb	CTX-HPF 115	115_Pvalb	Cortical plate; Hippocampal formation	none; none	Zizhen Yao	CCN202106160
CS202106160_348	348_CA1-do	348_CA1-do	subclass_label:5c6ec72876	CA1-ProS	cluster_label				https://doi.org/10.1016/j.cell.2021.04.021						348_CA1-do	CTX-HPF 348	348_CA1-do	Cortical plate; Hippocampal formation	none; none	Zizhen Yao	CCN202106160
CS202106160_226	226_L6 IT CTX	226_L6 IT CTX	subclass_label:10db4e9506	L6 IT CTX	cluster_label				https://doi.org/10.1016/j.cell.2021.04.021						226_L6 IT CTX	CTX-HPF 226	226_L6 IT CTX	Cortical plate; Hippocampal formation	none; none	Zizhen Yao	CCN202106160
CS202106160_185	185_L4/5 IT CTX	185_L4/5 IT CTX	subclass_label:40ec201664	L4/5 IT CTX	cluster_label				https://doi.org/10.1016/j.cell.2021.04.021						185_L4/5 IT CTX	CTX-HPF 185	185_L4/5 IT CTX	Cortical plate; Hippocampal formation	none; none	Zizhen Yao	CCN202106160
CS202106160_192	192_L4/5 IT CTX	192_L4/5 IT CTX	subclass_label:40ec201664	L4/5 IT CTX	cluster_label				https://doi.org/10.1016/j.cell.2021.04.021						192_L4/5 IT CTX	CTX-HPF 192	192_L4/5 IT CTX	Cortical plate; Hippocampal formation	none; none	Zizhen Yao	CCN202106160
CS202106160_179	179_L4 IT CTX	179_L4 IT CTX	subclass_label:40ec201664	L4/5 IT CTX	cluster_label				https://doi.org/10.1016/j.cell.2021.04.021						179_L4 IT CTX	CTX-HPF 179	179_L4 IT CTX	Cortical plate; Hippocampal formation	none; none	Zizhen Yao	CCN202106160
CS202106160_169	169_L2/3 IT CTX	169_L2/3 IT CTX	CS202106160_494	L2/3 IT CTX	cluster_label				https://doi.org/10.1016/j.cell.2021.04.021						169_L2/3 IT CTX	CTX-HPF 169	169_L2/3 IT CTX	Cortical plate; Hippocampal formation	none; none	Zizhen Yao	CCN202106160
CS202106160_24	24_Sncg	24_Sncg	subclass_label:86d5f48b05	Sncg	cluster_label				https://doi.org/10.1016/j.cell.2021.04.021						24_Sncg	CTX-HPF 024	24_Sncg	Cortical plate; Hippocampal formation	none; none	Zizhen Yao	CCN202106160
CS202106160_326	326_ProS	326_ProS	subclass_label:a416c5553f	SUB-ProS	cluster_label				https://doi.org/10.1016/j.cell.2021.04.021						326_ProS	CTX-HPF 326	326_ProS	Cortical plate; Hippocampal formation	none; none	Zizhen Yao	CCN202106160
CS202106160_245	245_L5 PT CTX	245_L5 PT CTX	CS202106160_528	L5 PT CTX	cluster_label				https://doi.org/10.1016/j.cell.2021.04.021						245_L5 PT CTX	CTX-HPF 245	245_L5 PT CTX	Cortical plate; Hippocampal formation	none; none	Zizhen Yao	CCN202106160
CS202106160_66	66_Sst	66_Sst	CS202106160_444	Sst	cluster_label				https://doi.org/10.1016/j.cell.2021.04.021						66_Sst	CTX-HPF 066	66_Sst	Cortical plate; Hippocampal formation	none; none	Zizhen Yao	CCN202106160
CS202106160_324	324_ProS	324_ProS	subclass_label:a416c5553f	SUB-ProS	cluster_label				https://doi.org/10.1016/j.cell.2021.04.021						324_ProS	CTX-HPF 324	324_ProS	Cortical plate; Hippocampal formation	none; none	Zizhen Yao	CCN202106160
CS202106160_63	63_Sst Chodl	63_Sst Chodl	CS202106160_441	Sst Chodl	cluster_label				https://doi.org/10.1016/j.cell.2021.04.021						63_Sst Chodl	CTX-HPF 063	63_Sst Chodl	Cortical plate; Hippocampal formation	none; none	Zizhen Yao	CCN202106160
CS202106160_332	332_CA1-ProS	332_CA1-ProS	subclass_label:5c6ec72876	CA1-ProS	cluster_label				https://doi.org/10.1016/j.cell.2021.04.021						332_CA1-ProS	CTX-HPF 332	332_CA1-ProS	Cortical plate; Hippocampal formation	none; none	Zizhen Yao	CCN202106160
CS202106160_331	331_CA1-ProS	331_CA1-ProS	subclass_label:5c6ec72876	CA1-ProS	cluster_label				https://doi.org/10.1016/j.cell.2021.04.021						331_CA1-ProS	CTX-HPF 331	331_CA1-ProS	Cortical plate; Hippocampal formation	none; none	Zizhen Yao	CCN202106160
CS202106160_122	122_Pvalb Vipr2	122_Pvalb Vipr2	CS202106160_463	Pvalb	cluster_label				https://doi.org/10.1016/j.cell.2021.04.021						122_Pvalb Vipr2	CTX-HPF 122	122_Pvalb Vipr2	Cortical plate; Hippocampal formation	none; none	Zizhen Yao	CCN202106160
CS202106160_10	10_Lamp5	10_Lamp5	subclass_label:e40986e2c0	Lamp5	cluster_label				https://doi.org/10.1016/j.cell.2021.04.021						10_Lamp5	CTX-HPF 010	10_Lamp5	Cortical plate; Hippocampal formation	none; none	Zizhen Yao	CCN202106160
CS202106160_211	211_L5/6 IT TPE-ENT	211_L5/6 IT TPE-ENT	subclass_label:753888bc28	L5/6 IT TPE-ENT	cluster_label				https://doi.org/10.1016/j.cell.2021.04.021						211_L5/6 IT TPE-ENT	CTX-HPF 211	211_L5/6 IT TPE-ENT	Cortical plate; Hippocampal formation	none; none	Zizhen Yao	CCN202106160
CS202106160_130	130_L2/3 IT POST-PRE	130_L2/3 IT POST-PRE	subclass_label:5d7a3b937f	L2/3 IT PPP	cluster_label				https://doi.org/10.1016/j.cell.2021.04.021						130_L2/3 IT POST-PRE	CTX-HPF 130	130_L2/3 IT POST-PRE	Cortical plate; Hippocampal formation	none; none	Zizhen Yao	CCN202106160
CS202106160_174	174_IT HATA	174_IT HATA	CS202106160_498	L2/3 IT RHP	cluster_label				https://doi.org/10.1016/j.cell.2021.04.021						174_IT HATA	CTX-HPF 174	174_IT HATA	Cortical plate; Hippocampal formation	none; none	Zizhen Yao	CCN202106160
CS202106160_80	80_Sst	80_Sst	CS202106160_444	Sst	cluster_label				https://doi.org/10.1016/j.cell.2021.04.021						80_Sst	CTX-HPF 080	80_Sst	Cortical plate; Hippocampal formation	none; none	Zizhen Yao	CCN202106160
CS202106160_158	158_L2/3 IT AI	158_L2/3 IT AI	subclass_label:9c706e279e	L2/3 IT ENTl	cluster_label				https://doi.org/10.1016/j.cell.2021.04.021						158_L2/3 IT AI	CTX-HPF 158	158_L2/3 IT AI	Cortical plate; Hippocampal formation	none; none	Zizhen Yao	CCN202106160
CS202106160_255	255_L5 PT CTX	255_L5 PT CTX	CS202106160_528	L5 PT CTX	cluster_label				https://doi.org/10.1016/j.cell.2021.04.021						255_L5 PT CTX	CTX-HPF 255	255_L5 PT CTX	Cortical plate; Hippocampal formation	none; none	Zizhen Yao	CCN202106160
CS202106160_15	15_Lamp5	15_Lamp5	subclass_label:e40986e2c0	Lamp5	cluster_label				https://doi.org/10.1016/j.cell.2021.04.021						15_Lamp5	CTX-HPF 015	15_Lamp5	Cortical plate; Hippocampal formation	none; none	Zizhen Yao	CCN202106160
CS202106160_139	139_L3 IT ENTl	139_L3 IT ENTl	CS202106160_480	L3 IT ENT	cluster_label				https://doi.org/10.1016/j.cell.2021.04.021						139_L3 IT ENTl	CTX-HPF 139	139_L3 IT ENTl	Cortical plate; Hippocampal formation	none; none	Zizhen Yao	CCN202106160
CS202106160_45	45_Vip	45_Vip	subclass_label:a547e761cb	Vip	cluster_label				https://doi.org/10.1016/j.cell.2021.04.021						45_Vip	CTX-HPF 045	45_Vip	Cortical plate; Hippocampal formation	none; none	Zizhen Yao	CCN202106160
CS202106160_47	47_Vip	47_Vip	subclass_label:a547e761cb	Vip	cluster_label				https://doi.org/10.1016/j.cell.2021.04.021						47_Vip	CTX-HPF 047	47_Vip	Cortical plate; Hippocampal formation	none; none	Zizhen Yao	CCN202106160
CS202106160_30	30_Ntng1 HPF	30_Ntng1 HPF	subclass_label:86d5f48b05	Sncg	cluster_label				https://doi.org/10.1016/j.cell.2021.04.021						30_Ntng1 HPF	CTX-HPF 030	30_Ntng1 HPF	Cortical plate; Hippocampal formation	none; none	Zizhen Yao	CCN202106160
CS202106160_288	288_L6 CT CTX	288_L6 CT CTX	CS202106160_548	L6 CT CTX	cluster_label				https://doi.org/10.1016/j.cell.2021.04.021						288_L6 CT CTX	CTX-HPF 288	288_L6 CT CTX	Cortical plate; Hippocampal formation	none; none	Zizhen Yao	CCN202106160
CS202106160_52	52_Vip	52_Vip	subclass_label:a547e761cb	Vip	cluster_label				https://doi.org/10.1016/j.cell.2021.04.021						52_Vip	CTX-HPF 052	52_Vip	Cortical plate; Hippocampal formation	none; none	Zizhen Yao	CCN202106160
CS202106160_32	32_Sncg	32_Sncg	subclass_label:86d5f48b05	Sncg	cluster_label				https://doi.org/10.1016/j.cell.2021.04.021						32_Sncg	CTX-HPF 032	32_Sncg	Cortical plate; Hippocampal formation	none; none	Zizhen Yao	CCN202106160
CS202106160_90	90_Sst	90_Sst	CS202106160_444	Sst	cluster_label				https://doi.org/10.1016/j.cell.2021.04.021						90_Sst	CTX-HPF 090	90_Sst	Cortical plate; Hippocampal formation	none; none	Zizhen Yao	CCN202106160
CS202106160_154	154_L2/3 IT ENTl	154_L2/3 IT ENTl	subclass_label:9c706e279e	L2/3 IT ENTl	cluster_label				https://doi.org/10.1016/j.cell.2021.04.021						154_L2/3 IT ENTl	CTX-HPF 154	154_L2/3 IT ENTl	Cortical plate; Hippocampal formation	none; none	Zizhen Yao	CCN202106160
CS202106160_4	4_Meis2 HPF	4_Meis2 HPF	subclass_label:86d5f48b05	Sncg	cluster_label				https://doi.org/10.1016/j.cell.2021.04.021						4_Meis2 HPF	CTX-HPF 004	4_Meis2 HPF	Cortical plate; Hippocampal formation	none; none	Zizhen Yao	CCN202106160
CS202106160_371	371_Oligo	371_Oligo	subclass_label:3deb6c773a	Oligo	cluster_label				https://doi.org/10.1016/j.cell.2021.04.021						371_Oligo	CTX-HPF 371	371_Oligo	Cortical plate; Hippocampal formation	none; none	Zizhen Yao	CCN202106160
CS202106160_157	157_L2/3 IT ENTl	157_L2/3 IT ENTl	subclass_label:9c706e279e	L2/3 IT ENTl	cluster_label				https://doi.org/10.1016/j.cell.2021.04.021						157_L2/3 IT ENTl	CTX-HPF 157	157_L2/3 IT ENTl	Cortical plate; Hippocampal formation	none; none	Zizhen Yao	CCN202106160
CS202106160_310	310_L6b RHP	310_L6b RHP	subclass_label:8fb647662f	L6b CTX	cluster_label				https://doi.org/10.1016/j.cell.2021.04.021						310_L6b RHP	CTX-HPF 310	310_L6b RHP	Cortical plate; Hippocampal formation	none; none	Zizhen Yao	CCN202106160
CS202106160_252	252_L5 PT CTX	252_L5 PT CTX	CS202106160_528	L5 PT CTX	cluster_label				https://doi.org/10.1016/j.cell.2021.04.021						252_L5 PT CTX	CTX-HPF 252	252_L5 PT CTX	Cortical plate; Hippocampal formation	none; none	Zizhen Yao	CCN202106160
CS202106160_37	37_Sncg	37_Sncg	subclass_label:86d5f48b05	Sncg	cluster_label				https://doi.org/10.1016/j.cell.2021.04.021						37_Sncg	CTX-HPF 037	37_Sncg	Cortical plate; Hippocampal formation	none; none	Zizhen Yao	CCN202106160
CS202106160_283	283_L6 CT CTX	283_L6 CT CTX	CS202106160_548	L6 CT CTX	cluster_label				https://doi.org/10.1016/j.cell.2021.04.021						283_L6 CT CTX	CTX-HPF 283	283_L6 CT CTX	Cortical plate; Hippocampal formation	none; none	Zizhen Yao	CCN202106160
CS202106160_352	352_CA3-ve	352_CA3-ve	CS202106160_578	CA3	cluster_label				https://doi.org/10.1016/j.cell.2021.04.021						352_CA3-ve	CTX-HPF 352	352_CA3-ve	Cortical plate; Hippocampal formation	none; none	Zizhen Yao	CCN202106160
CS202106160_258	258_L5 PT CTX	258_L5 PT CTX	CS202106160_528	L5 PT CTX	cluster_label				https://doi.org/10.1016/j.cell.2021.04.021						258_L5 PT CTX	CTX-HPF 258	258_L5 PT CTX	Cortical plate; Hippocampal formation	none; none	Zizhen Yao	CCN202106160
CS202106160_364	364_DG	364_DG	CS202106160_586	DG	cluster_label				https://doi.org/10.1016/j.cell.2021.04.021						364_DG	CTX-HPF 364	364_DG	Cortical plate; Hippocampal formation	none; none	Zizhen Yao	CCN202106160
CS202106160_246	246_L5 PT CTX	246_L5 PT CTX	CS202106160_528	L5 PT CTX	cluster_label				https://doi.org/10.1016/j.cell.2021.04.021						246_L5 PT CTX	CTX-HPF 246	246_L5 PT CTX	Cortical plate; Hippocampal formation	none; none	Zizhen Yao	CCN202106160
CS202106160_315	315_L6b CTX	315_L6b CTX	subclass_label:8fb647662f	L6b CTX	cluster_label				https://doi.org/10.1016/j.cell.2021.04.021						315_L6b CTX	CTX-HPF 315	315_L6b CTX	Cortical plate; Hippocampal formation	none; none	Zizhen Yao	CCN202106160
CS202106160_56	56_Vip HPF	56_Vip HPF	subclass_label:a547e761cb	Vip	cluster_label				https://doi.org/10.1016/j.cell.2021.04.021						56_Vip HPF	CTX-HPF 056	56_Vip HPF	Cortical plate; Hippocampal formation	none; none	Zizhen Yao	CCN202106160
CS202106160_277	277_NP PPP	277_NP PPP	CS202106160_544	NP PPP	cluster_label				https://doi.org/10.1016/j.cell.2021.04.021						277_NP PPP	CTX-HPF 277	277_NP PPP	Cortical plate; Hippocampal formation	none; none	Zizhen Yao	CCN202106160
CS202106160_163	163_L2/3 IT CTX	163_L2/3 IT CTX	CS202106160_494	L2/3 IT CTX	cluster_label				https://doi.org/10.1016/j.cell.2021.04.021						163_L2/3 IT CTX	CTX-HPF 163	163_L2/3 IT CTX	Cortical plate; Hippocampal formation	none; none	Zizhen Yao	CCN202106160
CS202106160_188	188_L4/5 IT CTX	188_L4/5 IT CTX	subclass_label:40ec201664	L4/5 IT CTX	cluster_label				https://doi.org/10.1016/j.cell.2021.04.021						188_L4/5 IT CTX	CTX-HPF 188	188_L4/5 IT CTX	Cortical plate; Hippocampal formation	none; none	Zizhen Yao	CCN202106160
CS202106160_337	337_CA1	337_CA1	subclass_label:5c6ec72876	CA1-ProS	cluster_label				https://doi.org/10.1016/j.cell.2021.04.021						337_CA1	CTX-HPF 337	337_CA1	Cortical plate; Hippocampal formation	none; none	Zizhen Yao	CCN202106160
CS202106160_375	375_Oligo	375_Oligo	subclass_label:3deb6c773a	Oligo	cluster_label				https://doi.org/10.1016/j.cell.2021.04.021						375_Oligo	CTX-HPF 375	375_Oligo	Cortical plate; Hippocampal formation	none; none	Zizhen Yao	CCN202106160
CS202106160_307	307_L6b CTX	307_L6b CTX	subclass_label:8fb647662f	L6b CTX	cluster_label				https://doi.org/10.1016/j.cell.2021.04.021						307_L6b CTX	CTX-HPF 307	307_L6b CTX	Cortical plate; Hippocampal formation	none; none	Zizhen Yao	CCN202106160
CS202106160_113	113_Pvalb	113_Pvalb	CS202106160_463	Pvalb	cluster_label				https://doi.org/10.1016/j.cell.2021.04.021						113_Pvalb	CTX-HPF 113	113_Pvalb	Cortical plate; Hippocampal formation	none; none	Zizhen Yao	CCN202106160
CS202106160_359	359_CA2-IG-FC	359_CA2-IG-FC	CS202106160_585	CA2-IG-FC	cluster_label				https://doi.org/10.1016/j.cell.2021.04.021						359_CA2-IG-FC	CTX-HPF 359	359_CA2-IG-FC	Cortical plate; Hippocampal formation	none; none	Zizhen Yao	CCN202106160
CS202106160_321	321_SUB	321_SUB	subclass_label:a416c5553f	SUB-ProS	cluster_label				https://doi.org/10.1016/j.cell.2021.04.021						321_SUB	CTX-HPF 321	321_SUB	Cortical plate; Hippocampal formation	none; none	Zizhen Yao	CCN202106160
CS202106160_23	23_Sncg	23_Sncg	subclass_label:86d5f48b05	Sncg	cluster_label				https://doi.org/10.1016/j.cell.2021.04.021						23_Sncg	CTX-HPF 023	23_Sncg	Cortical plate; Hippocampal formation	none; none	Zizhen Yao	CCN202106160
CS202106160_224	224_L6 IT CTX	224_L6 IT CTX	subclass_label:10db4e9506	L6 IT CTX	cluster_label				https://doi.org/10.1016/j.cell.2021.04.021						224_L6 IT CTX	CTX-HPF 224	224_L6 IT CTX	Cortical plate; Hippocampal formation	none; none	Zizhen Yao	CCN202106160
CS202106160_75	75_Sst	75_Sst	CS202106160_444	Sst	cluster_label				https://doi.org/10.1016/j.cell.2021.04.021						75_Sst	CTX-HPF 075	75_Sst	Cortical plate; Hippocampal formation	none; none	Zizhen Yao	CCN202106160
CS202106160_119	119_Pvalb	119_Pvalb	CS202106160_463	Pvalb	cluster_label				https://doi.org/10.1016/j.cell.2021.04.021						119_Pvalb	CTX-HPF 119	119_Pvalb	Cortical plate; Hippocampal formation	none; none	Zizhen Yao	CCN202106160
CS202106160_265	265_L5/6 NP CTX	265_L5/6 NP CTX	CS202106160_538	L5/6 NP CTX	cluster_label				https://doi.org/10.1016/j.cell.2021.04.021						265_L5/6 NP CTX	CTX-HPF 265	265_L5/6 NP CTX	Cortical plate; Hippocampal formation	none; none	Zizhen Yao	CCN202106160
CS202106160_102	102_Sst HPF	102_Sst HPF	CS202106160_444	Sst	cluster_label				https://doi.org/10.1016/j.cell.2021.04.021						102_Sst HPF	CTX-HPF 102	102_Sst HPF	Cortical plate; Hippocampal formation	none; none	Zizhen Yao	CCN202106160
CS202106160_286	286_L6 CT CTX	286_L6 CT CTX	CS202106160_548	L6 CT CTX	cluster_label				https://doi.org/10.1016/j.cell.2021.04.021						286_L6 CT CTX	CTX-HPF 286	286_L6 CT CTX	Cortical plate; Hippocampal formation	none; none	Zizhen Yao	CCN202106160
CS202106160_195	195_L5 IT RSP-ACA	195_L5 IT RSP-ACA	subclass_label:d88cf82cba	L5 IT CTX	cluster_label				https://doi.org/10.1016/j.cell.2021.04.021						195_L5 IT RSP-ACA	CTX-HPF 195	195_L5 IT RSP-ACA	Cortical plate; Hippocampal formation	none; none	Zizhen Yao	CCN202106160
CS202106160_232	232_L6 IT CTX	232_L6 IT CTX	subclass_label:10db4e9506	L6 IT CTX	cluster_label				https://doi.org/10.1016/j.cell.2021.04.021						232_L6 IT CTX	CTX-HPF 232	232_L6 IT CTX	Cortical plate; Hippocampal formation	none; none	Zizhen Yao	CCN202106160
CS202106160_198	198_L5 IT CTX	198_L5 IT CTX	subclass_label:d88cf82cba	L5 IT CTX	cluster_label				https://doi.org/10.1016/j.cell.2021.04.021						198_L5 IT CTX	CTX-HPF 198	198_L5 IT CTX	Cortical plate; Hippocampal formation	none; none	Zizhen Yao	CCN202106160
CS202106160_254	254_L5 PT CTX	254_L5 PT CTX	CS202106160_528	L5 PT CTX	cluster_label				https://doi.org/10.1016/j.cell.2021.04.021						254_L5 PT CTX	CTX-HPF 254	254_L5 PT CTX	Cortical plate; Hippocampal formation	none; none	Zizhen Yao	CCN202106160
CS202106160_189	189_L4/5 IT CTX	189_L4/5 IT CTX	subclass_label:40ec201664	L4/5 IT CTX	cluster_label				https://doi.org/10.1016/j.cell.2021.04.021						189_L4/5 IT CTX	CTX-HPF 189	189_L4/5 IT CTX	Cortical plate; Hippocampal formation	none; none	Zizhen Yao	CCN202106160
CS202106160_151	151_L2 IT ENTl	151_L2 IT ENTl	subclass_label:ad2ac45237	L2 IT ENTl	cluster_label				https://doi.org/10.1016/j.cell.2021.04.021						151_L2 IT ENTl	CTX-HPF 151	151_L2 IT ENTl	Cortical plate; Hippocampal formation	none; none	Zizhen Yao	CCN202106160
CS202106160_40	40_Vip	40_Vip	subclass_label:86d5f48b05	Sncg	cluster_label				https://doi.org/10.1016/j.cell.2021.04.021						40_Vip	CTX-HPF 040	40_Vip	Cortical plate; Hippocampal formation	none; none	Zizhen Yao	CCN202106160
CS202106160_98	98_Sst	98_Sst	CS202106160_444	Sst	cluster_label				https://doi.org/10.1016/j.cell.2021.04.021						98_Sst	CTX-HPF 098	98_Sst	Cortical plate; Hippocampal formation	none; none	Zizhen Yao	CCN202106160
CS202106160_282	282_L6 CT CTX	282_L6 CT CTX	CS202106160_548	L6 CT CTX	cluster_label				https://doi.org/10.1016/j.cell.2021.04.021						282_L6 CT CTX	CTX-HPF 282	282_L6 CT CTX	Cortical plate; Hippocampal formation	none; none	Zizhen Yao	CCN202106160
CS202106160_100	100_Sst	100_Sst	CS202106160_444	Sst	cluster_label				https://doi.org/10.1016/j.cell.2021.04.021						100_Sst	CTX-HPF 100	100_Sst	Cortical plate; Hippocampal formation	none; none	Zizhen Yao	CCN202106160
CS202106160_299	299_L6 CT ENT	299_L6 CT ENT	subclass_label:d636443977	L6b/CT ENT	cluster_label				https://doi.org/10.1016/j.cell.2021.04.021						299_L6 CT ENT	CTX-HPF 299	299_L6 CT ENT	Cortical plate; Hippocampal formation	none; none	Zizhen Yao	CCN202106160
CS202106160_330	330_CA1-ProS	330_CA1-ProS	subclass_label:5c6ec72876	CA1-ProS	cluster_label				https://doi.org/10.1016/j.cell.2021.04.021						330_CA1-ProS	CTX-HPF 330	330_CA1-ProS	Cortical plate; Hippocampal formation	none; none	Zizhen Yao	CCN202106160
CS202106160_143	143_L2/3 IT PAR	143_L2/3 IT PAR	subclass_label:5d7a3b937f	L2/3 IT PPP	cluster_label				https://doi.org/10.1016/j.cell.2021.04.021						143_L2/3 IT PAR	CTX-HPF 143	143_L2/3 IT PAR	Cortical plate; Hippocampal formation	none; none	Zizhen Yao	CCN202106160
CS202106160_69	69_Sst	69_Sst	CS202106160_444	Sst	cluster_label				https://doi.org/10.1016/j.cell.2021.04.021						69_Sst	CTX-HPF 069	69_Sst	Cortical plate; Hippocampal formation	none; none	Zizhen Yao	CCN202106160
CS202106160_231	231_L6 IT CTX	231_L6 IT CTX	subclass_label:10db4e9506	L6 IT CTX	cluster_label				https://doi.org/10.1016/j.cell.2021.04.021						231_L6 IT CTX	CTX-HPF 231	231_L6 IT CTX	Cortical plate; Hippocampal formation	none; none	Zizhen Yao	CCN202106160
CS202106160_298	298_L6 CT ENT	298_L6 CT ENT	subclass_label:d636443977	L6b/CT ENT	cluster_label				https://doi.org/10.1016/j.cell.2021.04.021						298_L6 CT ENT	CTX-HPF 298	298_L6 CT ENT	Cortical plate; Hippocampal formation	none; none	Zizhen Yao	CCN202106160
CS202106160_316	316_L6b CTX	316_L6b CTX	subclass_label:8fb647662f	L6b CTX	cluster_label				https://doi.org/10.1016/j.cell.2021.04.021						316_L6b CTX	CTX-HPF 316	316_L6b CTX	Cortical plate; Hippocampal formation	none; none	Zizhen Yao	CCN202106160
CS202106160_361	361_DG	361_DG	CS202106160_586	DG	cluster_label				https://doi.org/10.1016/j.cell.2021.04.021						361_DG	CTX-HPF 361	361_DG	Cortical plate; Hippocampal formation	none; none	Zizhen Yao	CCN202106160
CS202106160_116	116_Pvalb	116_Pvalb	CS202106160_463	Pvalb	cluster_label				https://doi.org/10.1016/j.cell.2021.04.021						116_Pvalb	CTX-HPF 116	116_Pvalb	Cortical plate; Hippocampal formation	none; none	Zizhen Yao	CCN202106160
CS202106160_334	334_CA1-ve	334_CA1-ve	subclass_label:5c6ec72876	CA1-ProS	cluster_label				https://doi.org/10.1016/j.cell.2021.04.021						334_CA1-ve	CTX-HPF 334	334_CA1-ve	Cortical plate; Hippocampal formation	none; none	Zizhen Yao	CCN202106160
CS202106160_180	180_L4 IT CTX	180_L4 IT CTX	subclass_label:40ec201664	L4/5 IT CTX	cluster_label				https://doi.org/10.1016/j.cell.2021.04.021						180_L4 IT CTX	CTX-HPF 180	180_L4 IT CTX	Cortical plate; Hippocampal formation	none; none	Zizhen Yao	CCN202106160
CS202106160_107	107_Sst HPF	107_Sst HPF	CS202106160_444	Sst	cluster_label				https://doi.org/10.1016/j.cell.2021.04.021						107_Sst HPF	CTX-HPF 107	107_Sst HPF	Cortical plate; Hippocampal formation	none; none	Zizhen Yao	CCN202106160
CS202106160_6	6_Lamp5 Lhx6	6_Lamp5 Lhx6	subclass_label:e40986e2c0	Lamp5	cluster_label				https://doi.org/10.1016/j.cell.2021.04.021						6_Lamp5 Lhx6	CTX-HPF 006	6_Lamp5 Lhx6	Cortical plate; Hippocampal formation	none; none	Zizhen Yao	CCN202106160
CS202106160_197	197_L5 IT CTX	197_L5 IT CTX	subclass_label:d88cf82cba	L5 IT CTX	cluster_label				https://doi.org/10.1016/j.cell.2021.04.021						197_L5 IT CTX	CTX-HPF 197	197_L5 IT CTX	Cortical plate; Hippocampal formation	none; none	Zizhen Yao	CCN202106160
CS202106160_184	184_L4/5 IT CTX	184_L4/5 IT CTX	subclass_label:40ec201664	L4/5 IT CTX	cluster_label				https://doi.org/10.1016/j.cell.2021.04.021						184_L4/5 IT CTX	CTX-HPF 184	184_L4/5 IT CTX	Cortical plate; Hippocampal formation	none; none	Zizhen Yao	CCN202106160
CS202106160_262	262_L4 RSP-ACA	262_L4 RSP-ACA	CS202106160_535	L4 RSP-ACA	cluster_label				https://doi.org/10.1016/j.cell.2021.04.021						262_L4 RSP-ACA	CTX-HPF 262	262_L4 RSP-ACA	Cortical plate; Hippocampal formation	none; none	Zizhen Yao	CCN202106160
CS202106160_85	85_Sst	85_Sst	CS202106160_444	Sst	cluster_label				https://doi.org/10.1016/j.cell.2021.04.021						85_Sst	CTX-HPF 085	85_Sst	Cortical plate; Hippocampal formation	none; none	Zizhen Yao	CCN202106160
CS202106160_74	74_Sst	74_Sst	CS202106160_444	Sst	cluster_label				https://doi.org/10.1016/j.cell.2021.04.021						74_Sst	CTX-HPF 074	74_Sst	Cortical plate; Hippocampal formation	none; none	Zizhen Yao	CCN202106160
CS202106160_20	20_Pax6	20_Pax6	subclass_label:e40986e2c0	Lamp5	cluster_label				https://doi.org/10.1016/j.cell.2021.04.021						20_Pax6	CTX-HPF 020	20_Pax6	Cortical plate; Hippocampal formation	none; none	Zizhen Yao	CCN202106160
CS202106160_126	126_L2 IT APr	126_L2 IT APr	subclass_label:5d7a3b937f	L2/3 IT PPP	cluster_label				https://doi.org/10.1016/j.cell.2021.04.021						126_L2 IT APr	CTX-HPF 126	126_L2 IT APr	Cortical plate; Hippocampal formation	none; none	Zizhen Yao	CCN202106160
CS202106160_325	325_ProS	325_ProS	subclass_label:a416c5553f	SUB-ProS	cluster_label				https://doi.org/10.1016/j.cell.2021.04.021						325_ProS	CTX-HPF 325	325_ProS	Cortical plate; Hippocampal formation	none; none	Zizhen Yao	CCN202106160
CS202106160_268	268_L5/6 NP CTX	268_L5/6 NP CTX	CS202106160_538	L5/6 NP CTX	cluster_label				https://doi.org/10.1016/j.cell.2021.04.021						268_L5/6 NP CTX	CTX-HPF 268	268_L5/6 NP CTX	Cortical plate; Hippocampal formation	none; none	Zizhen Yao	CCN202106160
CS202106160_225	225_L6 IT CTX	225_L6 IT CTX	subclass_label:10db4e9506	L6 IT CTX	cluster_label				https://doi.org/10.1016/j.cell.2021.04.021						225_L6 IT CTX	CTX-HPF 225	225_L6 IT CTX	Cortical plate; Hippocampal formation	none; none	Zizhen Yao	CCN202106160
CS202106160_214	214_L5/6 IT PFC	214_L5/6 IT PFC	subclass_label:753888bc28	L5/6 IT TPE-ENT	cluster_label				https://doi.org/10.1016/j.cell.2021.04.021						214_L5/6 IT PFC	CTX-HPF 214	214_L5/6 IT PFC	Cortical plate; Hippocampal formation	none; none	Zizhen Yao	CCN202106160
CS202106160_291	291_L6 CT CTX	291_L6 CT CTX	CS202106160_548	L6 CT CTX	cluster_label				https://doi.org/10.1016/j.cell.2021.04.021						291_L6 CT CTX	CTX-HPF 291	291_L6 CT CTX	Cortical plate; Hippocampal formation	none; none	Zizhen Yao	CCN202106160
CS202106160_65	65_Sst Chodl	65_Sst Chodl	CS202106160_441	Sst Chodl	cluster_label				https://doi.org/10.1016/j.cell.2021.04.021						65_Sst Chodl	CTX-HPF 065	65_Sst Chodl	Cortical plate; Hippocampal formation	none; none	Zizhen Yao	CCN202106160
CS202106160_303	303_L6b CTX	303_L6b CTX	subclass_label:8fb647662f	L6b CTX	cluster_label				https://doi.org/10.1016/j.cell.2021.04.021						303_L6b CTX	CTX-HPF 303	303_L6b CTX	Cortical plate; Hippocampal formation	none; none	Zizhen Yao	CCN202106160
CS202106160_306	306_L6b CTX	306_L6b CTX	subclass_label:8fb647662f	L6b CTX	cluster_label				https://doi.org/10.1016/j.cell.2021.04.021						306_L6b CTX	CTX-HPF 306	306_L6b CTX	Cortical plate; Hippocampal formation	none; none	Zizhen Yao	CCN202106160
CS202106160_173	173_L2/3 IT ProS	173_L2/3 IT ProS	CS202106160_498	L2/3 IT RHP	cluster_label				https://doi.org/10.1016/j.cell.2021.04.021						173_L2/3 IT ProS	CTX-HPF 173	173_L2/3 IT ProS	Cortical plate; Hippocampal formation	none; none	Zizhen Yao	CCN202106160
CS202106160_176	176_IT HATA	176_IT HATA	CS202106160_498	L2/3 IT RHP	cluster_label				https://doi.org/10.1016/j.cell.2021.04.021						176_IT HATA	CTX-HPF 176	176_IT HATA	Cortical plate; Hippocampal formation	none; none	Zizhen Yao	CCN202106160
CS202106160_216	216_L5/6 IT TPE-ENT	216_L5/6 IT TPE-ENT	subclass_label:753888bc28	L5/6 IT TPE-ENT	cluster_label				https://doi.org/10.1016/j.cell.2021.04.021						216_L5/6 IT TPE-ENT	CTX-HPF 216	216_L5/6 IT TPE-ENT	Cortical plate; Hippocampal formation	none; none	Zizhen Yao	CCN202106160
CS202106160_153	153_L2/3 IT ENTl	153_L2/3 IT ENTl	subclass_label:9c706e279e	L2/3 IT ENTl	cluster_label				https://doi.org/10.1016/j.cell.2021.04.021						153_L2/3 IT ENTl	CTX-HPF 153	153_L2/3 IT ENTl	Cortical plate; Hippocampal formation	none; none	Zizhen Yao	CCN202106160
CS202106160_210	210_L5/6 IT TPE-ENT	210_L5/6 IT TPE-ENT	subclass_label:753888bc28	L5/6 IT TPE-ENT	cluster_label				https://doi.org/10.1016/j.cell.2021.04.021						210_L5/6 IT TPE-ENT	CTX-HPF 210	210_L5/6 IT TPE-ENT	Cortical plate; Hippocampal formation	none; none	Zizhen Yao	CCN202106160
CS202106160_42	42_Vip	42_Vip	subclass_label:a547e761cb	Vip	cluster_label				https://doi.org/10.1016/j.cell.2021.04.021						42_Vip	CTX-HPF 042	42_Vip	Cortical plate; Hippocampal formation	none; none	Zizhen Yao	CCN202106160
CS202106160_96	96_Sst	96_Sst	CS202106160_444	Sst	cluster_label				https://doi.org/10.1016/j.cell.2021.04.021						96_Sst	CTX-HPF 096	96_Sst	Cortical plate; Hippocampal formation	none; none	Zizhen Yao	CCN202106160
CS202106160_36	36_Sncg	36_Sncg	subclass_label:86d5f48b05	Sncg	cluster_label				https://doi.org/10.1016/j.cell.2021.04.021						36_Sncg	CTX-HPF 036	36_Sncg	Cortical plate; Hippocampal formation	none; none	Zizhen Yao	CCN202106160
CS202106160_241	241_L5 PT CTX	241_L5 PT CTX	CS202106160_528	L5 PT CTX	cluster_label				https://doi.org/10.1016/j.cell.2021.04.021						241_L5 PT CTX	CTX-HPF 241	241_L5 PT CTX	Cortical plate; Hippocampal formation	none; none	Zizhen Yao	CCN202106160
CS202106160_92	92_Sst	92_Sst	CS202106160_444	Sst	cluster_label				https://doi.org/10.1016/j.cell.2021.04.021						92_Sst	CTX-HPF 092	92_Sst	Cortical plate; Hippocampal formation	none; none	Zizhen Yao	CCN202106160
CS202106160_217	217_L6 IT CTX	217_L6 IT CTX	subclass_label:10db4e9506	L6 IT CTX	cluster_label				https://doi.org/10.1016/j.cell.2021.04.021						217_L6 IT CTX	CTX-HPF 217	217_L6 IT CTX	Cortical plate; Hippocampal formation	none; none	Zizhen Yao	CCN202106160
CS202106160_109	109_Pvalb	109_Pvalb	CS202106160_463	Pvalb	cluster_label				https://doi.org/10.1016/j.cell.2021.04.021						109_Pvalb	CTX-HPF 109	109_Pvalb	Cortical plate; Hippocampal formation	none; none	Zizhen Yao	CCN202106160
CS202106160_93	93_Sst	93_Sst	CS202106160_444	Sst	cluster_label				https://doi.org/10.1016/j.cell.2021.04.021						93_Sst	CTX-HPF 093	93_Sst	Cortical plate; Hippocampal formation	none; none	Zizhen Yao	CCN202106160
CS202106160_27	27_Ntng1 HPF	27_Ntng1 HPF	subclass_label:86d5f48b05	Sncg	cluster_label				https://doi.org/10.1016/j.cell.2021.04.021						27_Ntng1 HPF	CTX-HPF 027	27_Ntng1 HPF	Cortical plate; Hippocampal formation	none; none	Zizhen Yao	CCN202106160
CS202106160_28	28_Ntng1 HPF	28_Ntng1 HPF	subclass_label:86d5f48b05	Sncg	cluster_label				https://doi.org/10.1016/j.cell.2021.04.021						28_Ntng1 HPF	CTX-HPF 028	28_Ntng1 HPF	Cortical plate; Hippocampal formation	none; none	Zizhen Yao	CCN202106160
CS202106160_161	161_L2/3 IT ENTl	161_L2/3 IT ENTl	subclass_label:9c706e279e	L2/3 IT ENTl	cluster_label				https://doi.org/10.1016/j.cell.2021.04.021						161_L2/3 IT ENTl	CTX-HPF 161	161_L2/3 IT ENTl	Cortical plate; Hippocampal formation	none; none	Zizhen Yao	CCN202106160
CS202106160_309	309_L6b RHP	309_L6b RHP	subclass_label:8fb647662f	L6b CTX	cluster_label				https://doi.org/10.1016/j.cell.2021.04.021						309_L6b RHP	CTX-HPF 309	309_L6b RHP	Cortical plate; Hippocampal formation	none; none	Zizhen Yao	CCN202106160
CS202106160_204	204_L5/6 IT CTX	204_L5/6 IT CTX	subclass_label:d88cf82cba	L5 IT CTX	cluster_label				https://doi.org/10.1016/j.cell.2021.04.021						204_L5/6 IT CTX	CTX-HPF 204	204_L5/6 IT CTX	Cortical plate; Hippocampal formation	none; none	Zizhen Yao	CCN202106160
CS202106160_118	118_Pvalb	118_Pvalb	CS202106160_463	Pvalb	cluster_label				https://doi.org/10.1016/j.cell.2021.04.021						118_Pvalb	CTX-HPF 118	118_Pvalb	Cortical plate; Hippocampal formation	none; none	Zizhen Yao	CCN202106160
CS202106160_362	362_DG	362_DG	CS202106160_586	DG	cluster_label				https://doi.org/10.1016/j.cell.2021.04.021						362_DG	CTX-HPF 362	362_DG	Cortical plate; Hippocampal formation	none; none	Zizhen Yao	CCN202106160
CS202106160_383	383_VLMC	383_VLMC	CS202106160_606	VLMC	cluster_label				https://doi.org/10.1016/j.cell.2021.04.021						383_VLMC	CTX-HPF 383	383_VLMC	Cortical plate; Hippocampal formation	none; none	Zizhen Yao	CCN202106160
CS202106160_328	328_ProS	328_ProS	subclass_label:a416c5553f	SUB-ProS	cluster_label				https://doi.org/10.1016/j.cell.2021.04.021						328_ProS	CTX-HPF 328	328_ProS	Cortical plate; Hippocampal formation	none; none	Zizhen Yao	CCN202106160
CS202106160_114	114_Pvalb	114_Pvalb	CS202106160_463	Pvalb	cluster_label				https://doi.org/10.1016/j.cell.2021.04.021						114_Pvalb	CTX-HPF 114	114_Pvalb	Cortical plate; Hippocampal formation	none; none	Zizhen Yao	CCN202106160
CS202106160_147	147_L2 IT ENTm	147_L2 IT ENTm	CS202106160_486	L2 IT ENTm	cluster_label				https://doi.org/10.1016/j.cell.2021.04.021						147_L2 IT ENTm	CTX-HPF 147	147_L2 IT ENTm	Cortical plate; Hippocampal formation	none; none	Zizhen Yao	CCN202106160
CS202106160_136	136_L3 IT ENTm	136_L3 IT ENTm	CS202106160_480	L3 IT ENT	cluster_label				https://doi.org/10.1016/j.cell.2021.04.021						136_L3 IT ENTm	CTX-HPF 136	136_L3 IT ENTm	Cortical plate; Hippocampal formation	none; none	Zizhen Yao	CCN202106160
CS202106160_110	110_Pvalb	110_Pvalb	CS202106160_463	Pvalb	cluster_label				https://doi.org/10.1016/j.cell.2021.04.021						110_Pvalb	CTX-HPF 110	110_Pvalb	Cortical plate; Hippocampal formation	none; none	Zizhen Yao	CCN202106160
CS202106160_240	240_L5 PT CTX	240_L5 PT CTX	CS202106160_528	L5 PT CTX	cluster_label				https://doi.org/10.1016/j.cell.2021.04.021						240_L5 PT CTX	CTX-HPF 240	240_L5 PT CTX	Cortical plate; Hippocampal formation	none; none	Zizhen Yao	CCN202106160
CS202106160_138	138_L3 IT ENTm	138_L3 IT ENTm	CS202106160_480	L3 IT ENT	cluster_label				https://doi.org/10.1016/j.cell.2021.04.021						138_L3 IT ENTm	CTX-HPF 138	138_L3 IT ENTm	Cortical plate; Hippocampal formation	none; none	Zizhen Yao	CCN202106160
CS202106160_68	68_Sst	68_Sst	CS202106160_444	Sst	cluster_label				https://doi.org/10.1016/j.cell.2021.04.021						68_Sst	CTX-HPF 068	68_Sst	Cortical plate; Hippocampal formation	none; none	Zizhen Yao	CCN202106160
CS202106160_187	187_L4/5 IT CTX	187_L4/5 IT CTX	subclass_label:40ec201664	L4/5 IT CTX	cluster_label				https://doi.org/10.1016/j.cell.2021.04.021						187_L4/5 IT CTX	CTX-HPF 187	187_L4/5 IT CTX	Cortical plate; Hippocampal formation	none; none	Zizhen Yao	CCN202106160
CS202106160_275	275_NP PPP	275_NP PPP	CS202106160_544	NP PPP	cluster_label				https://doi.org/10.1016/j.cell.2021.04.021						275_NP PPP	CTX-HPF 275	275_NP PPP	Cortical plate; Hippocampal formation	none; none	Zizhen Yao	CCN202106160
CS202106160_302	302_L6b ENT	302_L6b ENT	subclass_label:d636443977	L6b/CT ENT	cluster_label				https://doi.org/10.1016/j.cell.2021.04.021						302_L6b ENT	CTX-HPF 302	302_L6b ENT	Cortical plate; Hippocampal formation	none; none	Zizhen Yao	CCN202106160
CS202106160_363	363_DG	363_DG	CS202106160_586	DG	cluster_label				https://doi.org/10.1016/j.cell.2021.04.021						363_DG	CTX-HPF 363	363_DG	Cortical plate; Hippocampal formation	none; none	Zizhen Yao	CCN202106160
CS202106160_29	29_Ntng1 HPF	29_Ntng1 HPF	subclass_label:86d5f48b05	Sncg	cluster_label				https://doi.org/10.1016/j.cell.2021.04.021						29_Ntng1 HPF	CTX-HPF 029	29_Ntng1 HPF	Cortical plate; Hippocampal formation	none; none	Zizhen Yao	CCN202106160
CS202106160_311	311_L6b CTX	311_L6b CTX	subclass_label:8fb647662f	L6b CTX	cluster_label				https://doi.org/10.1016/j.cell.2021.04.021						311_L6b CTX	CTX-HPF 311	311_L6b CTX	Cortical plate; Hippocampal formation	none; none	Zizhen Yao	CCN202106160
CS202106160_382	382_SMC-Peri	382_SMC-Peri	CS202106160_604	SMC-Peri	cluster_label				https://doi.org/10.1016/j.cell.2021.04.021						382_SMC-Peri	CTX-HPF 382	382_SMC-Peri	Cortical plate; Hippocampal formation	none; none	Zizhen Yao	CCN202106160
CS202106160_194	194_L5 IT RSP-ACA	194_L5 IT RSP-ACA	subclass_label:d88cf82cba	L5 IT CTX	cluster_label				https://doi.org/10.1016/j.cell.2021.04.021						194_L5 IT RSP-ACA	CTX-HPF 194	194_L5 IT RSP-ACA	Cortical plate; Hippocampal formation	none; none	Zizhen Yao	CCN202106160
CS202106160_124	124_L2 IT APr	124_L2 IT APr	subclass_label:5d7a3b937f	L2/3 IT PPP	cluster_label				https://doi.org/10.1016/j.cell.2021.04.021						124_L2 IT APr	CTX-HPF 124	124_L2 IT APr	Cortical plate; Hippocampal formation	none; none	Zizhen Yao	CCN202106160
CS202106160_7	7_Lamp5 Lhx6	7_Lamp5 Lhx6	subclass_label:e40986e2c0	Lamp5	cluster_label				https://doi.org/10.1016/j.cell.2021.04.021						7_Lamp5 Lhx6	CTX-HPF 007	7_Lamp5 Lhx6	Cortical plate; Hippocampal formation	none; none	Zizhen Yao	CCN202106160
CS202106160_329	329_CA1-ProS	329_CA1-ProS	subclass_label:5c6ec72876	CA1-ProS	cluster_label				https://doi.org/10.1016/j.cell.2021.04.021						329_CA1-ProS	CTX-HPF 329	329_CA1-ProS	Cortical plate; Hippocampal formation	none; none	Zizhen Yao	CCN202106160
CS202106160_60	60_Vip Igfbp6	60_Vip Igfbp6	subclass_label:a547e761cb	Vip	cluster_label				https://doi.org/10.1016/j.cell.2021.04.021						60_Vip Igfbp6	CTX-HPF 060	60_Vip Igfbp6	Cortical plate; Hippocampal formation	none; none	Zizhen Yao	CCN202106160
CS202106160_9	9_Lamp5 Lhx6	9_Lamp5 Lhx6	subclass_label:e40986e2c0	Lamp5	cluster_label				https://doi.org/10.1016/j.cell.2021.04.021						9_Lamp5 Lhx6	CTX-HPF 009	9_Lamp5 Lhx6	Cortical plate; Hippocampal formation	none; none	Zizhen Yao	CCN202106160
CS202106160_308	308_L6b RHP	308_L6b RHP	subclass_label:8fb647662f	L6b CTX	cluster_label				https://doi.org/10.1016/j.cell.2021.04.021						308_L6b RHP	CTX-HPF 308	308_L6b RHP	Cortical plate; Hippocampal formation	none; none	Zizhen Yao	CCN202106160
CS202106160_67	67_Sst	67_Sst	CS202106160_444	Sst	cluster_label				https://doi.org/10.1016/j.cell.2021.04.021						67_Sst	CTX-HPF 067	67_Sst	Cortical plate; Hippocampal formation	none; none	Zizhen Yao	CCN202106160
CS202106160_285	285_L6 CT CTX	285_L6 CT CTX	CS202106160_548	L6 CT CTX	cluster_label				https://doi.org/10.1016/j.cell.2021.04.021						285_L6 CT CTX	CTX-HPF 285	285_L6 CT CTX	Cortical plate; Hippocampal formation	none; none	Zizhen Yao	CCN202106160
CS202106160_253	253_L5 PT CTX	253_L5 PT CTX	CS202106160_528	L5 PT CTX	cluster_label				https://doi.org/10.1016/j.cell.2021.04.021						253_L5 PT CTX	CTX-HPF 253	253_L5 PT CTX	Cortical plate; Hippocampal formation	none; none	Zizhen Yao	CCN202106160
CS202106160_312	312_L6b CTX	312_L6b CTX	subclass_label:8fb647662f	L6b CTX	cluster_label				https://doi.org/10.1016/j.cell.2021.04.021						312_L6b CTX	CTX-HPF 312	312_L6b CTX	Cortical plate; Hippocampal formation	none; none	Zizhen Yao	CCN202106160
CS202106160_55	55_Vip HPF	55_Vip HPF	subclass_label:a547e761cb	Vip	cluster_label				https://doi.org/10.1016/j.cell.2021.04.021						55_Vip HPF	CTX-HPF 055	55_Vip HPF	Cortical plate; Hippocampal formation	none; none	Zizhen Yao	CCN202106160
CS202106160_33	33_Sncg	33_Sncg	subclass_label:86d5f48b05	Sncg	cluster_label				https://doi.org/10.1016/j.cell.2021.04.021						33_Sncg	CTX-HPF 033	33_Sncg	Cortical plate; Hippocampal formation	none; none	Zizhen Yao	CCN202106160
CS202106160_16	16_Lamp5	16_Lamp5	subclass_label:e40986e2c0	Lamp5	cluster_label				https://doi.org/10.1016/j.cell.2021.04.021						16_Lamp5	CTX-HPF 016	16_Lamp5	Cortical plate; Hippocampal formation	none; none	Zizhen Yao	CCN202106160
CS202106160_259	259_L5 PT CTX	259_L5 PT CTX	CS202106160_528	L5 PT CTX	cluster_label				https://doi.org/10.1016/j.cell.2021.04.021						259_L5 PT CTX	CTX-HPF 259	259_L5 PT CTX	Cortical plate; Hippocampal formation	none; none	Zizhen Yao	CCN202106160
CS202106160_190	190_L4/5 IT CTX	190_L4/5 IT CTX	subclass_label:40ec201664	L4/5 IT CTX	cluster_label				https://doi.org/10.1016/j.cell.2021.04.021						190_L4/5 IT CTX	CTX-HPF 190	190_L4/5 IT CTX	Cortical plate; Hippocampal formation	none; none	Zizhen Yao	CCN202106160
CS202106160_357	357_CA3-do	357_CA3-do	CS202106160_578	CA3	cluster_label				https://doi.org/10.1016/j.cell.2021.04.021						357_CA3-do	CTX-HPF 357	357_CA3-do	Cortical plate; Hippocampal formation	none; none	Zizhen Yao	CCN202106160
CS202106160_61	61_Vip Igfbp6	61_Vip Igfbp6	subclass_label:a547e761cb	Vip	cluster_label				https://doi.org/10.1016/j.cell.2021.04.021						61_Vip Igfbp6	CTX-HPF 061	61_Vip Igfbp6	Cortical plate; Hippocampal formation	none; none	Zizhen Yao	CCN202106160
CS202106160_26	26_Ntng1 HPF	26_Ntng1 HPF	subclass_label:86d5f48b05	Sncg	cluster_label				https://doi.org/10.1016/j.cell.2021.04.021						26_Ntng1 HPF	CTX-HPF 026	26_Ntng1 HPF	Cortical plate; Hippocampal formation	none; none	Zizhen Yao	CCN202106160
CS202106160_87	87_Sst	87_Sst	CS202106160_444	Sst	cluster_label				https://doi.org/10.1016/j.cell.2021.04.021						87_Sst	CTX-HPF 087	87_Sst	Cortical plate; Hippocampal formation	none; none	Zizhen Yao	CCN202106160
CS202106160_171	171_L2/3 IT CTX	171_L2/3 IT CTX	CS202106160_494	L2/3 IT CTX	cluster_label				https://doi.org/10.1016/j.cell.2021.04.021						171_L2/3 IT CTX	CTX-HPF 171	171_L2/3 IT CTX	Cortical plate; Hippocampal formation	none; none	Zizhen Yao	CCN202106160
CS202106160_249	249_L5 PT CTX	249_L5 PT CTX	CS202106160_528	L5 PT CTX	cluster_label				https://doi.org/10.1016/j.cell.2021.04.021						249_L5 PT CTX	CTX-HPF 249	249_L5 PT CTX	Cortical plate; Hippocampal formation	none; none	Zizhen Yao	CCN202106160
CS202106160_78	78_Sst HPF	78_Sst HPF	CS202106160_444	Sst	cluster_label				https://doi.org/10.1016/j.cell.2021.04.021						78_Sst HPF	CTX-HPF 078	78_Sst HPF	Cortical plate; Hippocampal formation	none; none	Zizhen Yao	CCN202106160
CS202106160_50	50_Vip	50_Vip	subclass_label:a547e761cb	Vip	cluster_label				https://doi.org/10.1016/j.cell.2021.04.021						50_Vip	CTX-HPF 050	50_Vip	Cortical plate; Hippocampal formation	none; none	Zizhen Yao	CCN202106160
CS202106160_585	CA2-IG-FC	CA2-IG-FC	class_label:de8ed2ce0f	Glutamatergic	subclass_label	CL:0002608	hippocampal neuron		https://doi.org/10.1016/j.cell.2021.04.021						n197	CTX-HPF 359-360	CA2-IG-FC	Cortical plate; Hippocampal formation	none; none	Zizhen Yao	CCN202106160
CS202106160_subclass_label:d88cf82cba	L5 IT CTX	L5 IT CTX	class_label:de8ed2ce0f	Glutamatergic	subclass_label	CL:4023048	L4/5 intratelencephalic projecting glutamatergic neuron of the primary motor cortex														
CS202106160_538	L5/6 NP CTX	L5/6 NP CTX	class_label:de8ed2ce0f	Glutamatergic	subclass_label	CL:4023043	L5/6 near-projecting glutamatergic neuron of the primary motor cortex		https://doi.org/10.1016/j.cell.2021.04.021						n150	CTX-HPF 264-270	L5/6 NP CTX	Cortical plate; Hippocampal formation	none; none	Zizhen Yao	CCN202106160
CS202106160_subclass_label:40ec201664	L4/5 IT CTX	L4/5 IT CTX	class_label:de8ed2ce0f	Glutamatergic	subclass_label	CL:4023048	L4/5 intratelencephalic projecting glutamatergic neuron of the primary motor cortex														
CS202106160_578	CA3	CA3	class_label:de8ed2ce0f	Glutamatergic	subclass_label	CL:0002608	hippocampal neuron		https://doi.org/10.1016/j.cell.2021.04.021						n190	CTX-HPF 349-358	CA3	Cortical plate; Hippocampal formation	none; none	Zizhen Yao	CCN202106160
CS202106160_551	CT SUB	CT SUB	class_label:de8ed2ce0f	Glutamatergic	subclass_label	CL:0008031	cortical interneuron		https://doi.org/10.1016/j.cell.2021.04.021						n163	CTX-HPF 294-297	CT SUB	Cortical plate; Hippocampal formation	none; none	Zizhen Yao	CCN202106160
CS202106160_subclass_label:9c706e279e	L2/3 IT ENTl	L2/3 IT ENTl	class_label:de8ed2ce0f	Glutamatergic	subclass_label	CL:4023040	L2/3-6 intratelencephalic projecting glutamatergic neuron														
CS202106160_subclass_label:f5fad7e30c	Endo	Endo	class_label:b7c6ca690a	Non-Neuronal	subclass_label	CL:0000115	endothelial cell														
CS202106160_480	L3 IT ENT	L3 IT ENT	class_label:de8ed2ce0f	Glutamatergic	subclass_label	CL:4023047	L2/3 intratelencephalic projecting glutamatergic neuron of the primary motor cortex		https://doi.org/10.1016/j.cell.2021.04.021						n92	CTX-HPF 135-140	L3 IT ENT	Cortical plate; Hippocampal formation	none; none	Zizhen Yao	CCN202106160
CS202106160_441	Sst Chodl	Sst Chodl	class_label:0ecf35ea0b	GABAergic	subclass_label	CL:4023121	sst chodl GABAergic cortical interneuron		https://doi.org/10.1016/j.cell.2021.04.021						n53	CTX-HPF 063-065	Sst Chodl	Cortical plate; Hippocampal formation	none; none	Zizhen Yao	CCN202106160
CS202106160_subclass_label:10db4e9506	L6 IT CTX	L6 IT CTX	class_label:de8ed2ce0f	Glutamatergic	subclass_label	CL:4023050	L6 intratelencephalic projecting glutamatergic neuron of the primary motor cortex														
CS202106160_subclass_label:da99a9426c	CR	CR	class_label:de8ed2ce0f	Glutamatergic	subclass_label	CL:0000695	Cajal-Retzius cell														
CS202106160_subclass_label:5d7a3b937f	L2/3 IT PPP	L2/3 IT PPP	class_label:de8ed2ce0f	Glutamatergic	subclass_label	CL:4023040	L2/3-6 intratelencephalic projecting glutamatergic neuron														
CS202106160_525	Car3	Car3	class_label:de8ed2ce0f	Glutamatergic	subclass_label	CL:4023013	corticothalamic-projecting glutamatergic cortical neuron		https://doi.org/10.1016/j.cell.2021.04.021						n137	CTX-HPF 236-238	Car3	Cortical plate; Hippocampal formation	none; none	Zizhen Yao	CCN202106160
CS202106160_subclass_label:ae2c9ed8f1	Astro	Astro	class_label:b7c6ca690a	Non-Neuronal	subclass_label	CL:0000127	astrocyte														
CS202106160_subclass_label:a416c5553f	SUB-ProS	SUB-ProS	class_label:de8ed2ce0f	Glutamatergic	subclass_label	CL:0000679	glutamatergic neuron														
CS202106160_444	Sst	Sst	class_label:0ecf35ea0b	GABAergic	subclass_label	CL:4023017	sst GABAergic cortical interneuron		https://doi.org/10.1016/j.cell.2021.04.021						n56	CTX-HPF 066-107	Sst	Cortical plate; Hippocampal formation	none; none	Zizhen Yao	CCN202106160
CS202106160_396	Meis2	Meis2	class_label:0ecf35ea0b	GABAergic	subclass_label	CL:4023065	meis2 expressing cortical GABAergic cell		https://doi.org/10.1016/j.cell.2021.04.021						n8	CTX-HPF 002-003	Meis2	Cortical plate; Hippocampal formation	none; none	Zizhen Yao	CCN202106160
CS202106160_548	L6 CT CTX	L6 CT CTX	class_label:de8ed2ce0f	Glutamatergic	subclass_label	CL:4023042	L6 corticothalamic-projecting glutamatergic cortical neuron		https://doi.org/10.1016/j.cell.2021.04.021						n160	CTX-HPF 278-293	L6 CT CTX	Cortical plate; Hippocampal formation	none; none	Zizhen Yao	CCN202106160
CS202106160_498	L2/3 IT RHP	L2/3 IT RHP	class_label:de8ed2ce0f	Glutamatergic	subclass_label	CL:4023040	L2/3-6 intratelencephalic projecting glutamatergic neuron		https://doi.org/10.1016/j.cell.2021.04.021						n110	CTX-HPF 172-177	L2/3 IT RHP	Cortical plate; Hippocampal formation	none; none	Zizhen Yao	CCN202106160
CS202106160_subclass_label:86d5f48b05	Sncg	Sncg	class_label:0ecf35ea0b	GABAergic	subclass_label	CL:4023015	sncg GABAergic cortical interneuron														
CS202106160_subclass_label:a547e761cb	Vip	Vip	class_label:0ecf35ea0b	GABAergic	subclass_label	CL:4023016	VIP GABAergic cortical interneuron														
CS202106160_subclass_label:8fb647662f	L6b CTX	L6b CTX	class_label:de8ed2ce0f	Glutamatergic	subclass_label	CL:4023038	L6b glutamatergic cortical neuron														
CS202106160_528	L5 PT CTX	L5 PT CTX	class_label:de8ed2ce0f	Glutamatergic	subclass_label	CL:4023041	L5 extratelencephalic projecting glutamatergic cortical neuron		https://doi.org/10.1016/j.cell.2021.04.021						n140	CTX-HPF 239-260	L5 PT CTX	Cortical plate; Hippocampal formation	none; none	Zizhen Yao	CCN202106160
CS202106160_subclass_label:e40986e2c0	Lamp5	Lamp5	class_label:0ecf35ea0b	GABAergic	subclass_label	CL:4023011	lamp5 GABAergic cortical interneuron														
CS202106160_subclass_label:3deb6c773a	Oligo	Oligo	class_label:b7c6ca690a	Non-Neuronal	subclass_label	CL:0000128	oligodendrocyte														
CS202106160_604	SMC-Peri	SMC-Peri	class_label:b7c6ca690a	Non-Neuronal	subclass_label	CL:0000669	pericyte		https://doi.org/10.1016/j.cell.2021.04.021						n216	CTX-HPF 380-382	SMC-Peri	Cortical plate; Hippocampal formation	none; none	Zizhen Yao	CCN202106160
CS202106160_subclass_label:ad2ac45237	L2 IT ENTl	L2 IT ENTl	class_label:de8ed2ce0f	Glutamatergic	subclass_label	CL:4023040	L2/3-6 intratelencephalic projecting glutamatergic neuron														
CS202106160_586	DG	DG	class_label:de8ed2ce0f	Glutamatergic	subclass_label	CL:0002608	hippocampal neuron		https://doi.org/10.1016/j.cell.2021.04.021						n198	CTX-HPF 361-364	DG	Cortical plate; Hippocampal formation	none; none	Zizhen Yao	CCN202106160
CS202106160_subclass_label:7ec93c83f4	L6 IT ENTl	L6 IT ENTl	class_label:de8ed2ce0f	Glutamatergic	subclass_label	CL:4023050	L6 intratelencephalic projecting glutamatergic neuron of the primary motor cortex														
CS202106160_606	VLMC	VLMC	class_label:b7c6ca690a	Non-Neuronal	subclass_label	CL:4023056	vascular leptomeningeal cell (Mmus)		https://doi.org/10.1016/j.cell.2021.04.021						n218	CTX-HPF 383-385	VLMC	Cortical plate; Hippocampal formation	none; none	Zizhen Yao	CCN202106160
CS202106160_subclass_label:bbf0716163	L5 PPP	L5 PPP	class_label:de8ed2ce0f	Glutamatergic	subclass_label	CL:4023041	L5 extratelencephalic projecting glutamatergic cortical neuron														
CS202106160_subclass_label:d636443977	L6b/CT ENT	L6b/CT ENT	class_label:de8ed2ce0f	Glutamatergic	subclass_label	CL:4023038	L6b glutamatergic cortical neuron														
CS202106160_494	L2/3 IT CTX	L2/3 IT CTX	class_label:de8ed2ce0f	Glutamatergic	subclass_label	CL:4023040	L2/3-6 intratelencephalic projecting glutamatergic neuron		https://doi.org/10.1016/j.cell.2021.04.021						n106	CTX-HPF 162-171	L2/3 IT CTX	Cortical plate; Hippocampal formation	none; none	Zizhen Yao	CCN202106160
CS202106160_463	Pvalb	Pvalb	class_label:0ecf35ea0b	GABAergic	subclass_label	CL:4023018	pvalb GABAergic cortical interneuron		https://doi.org/10.1016/j.cell.2021.04.021						n75	CTX-HPF 108-123	Pvalb	Cortical plate; Hippocampal formation	none; none	Zizhen Yao	CCN202106160
CS202106160_608	Micro-PVM	Micro-PVM	class_label:b7c6ca690a	Non-Neuronal	subclass_label	CL:0000878	central nervous system macrophage		https://doi.org/10.1016/j.cell.2021.04.021						n220	CTX-HPF 386-388	Micro-PVM	Cortical plate; Hippocampal formation	none; none	Zizhen Yao	CCN202106160
CS202106160_535	L4 RSP-ACA	L4 RSP-ACA	class_label:de8ed2ce0f	Glutamatergic	subclass_label	CL:0000598	pyramidal neuron		https://doi.org/10.1016/j.cell.2021.04.021						n147	CTX-HPF 261-262	L4 RSP-ACA	Cortical plate; Hippocampal formation	none; none	Zizhen Yao	CCN202106160
CS202106160_subclass_label:5c6ec72876	CA1-ProS	CA1-ProS	class_label:de8ed2ce0f	Glutamatergic	subclass_label	CL:0000598	pyramidal neuron														
CS202106160_544	NP PPP	NP PPP	class_label:de8ed2ce0f	Glutamatergic	subclass_label	CL:4023043	L5/6 near-projecting glutamatergic neuron of the primary motor cortex		https://doi.org/10.1016/j.cell.2021.04.021						n156	CTX-HPF 275-277	NP PPP	Cortical plate; Hippocampal formation	none; none	Zizhen Yao	CCN202106160
CS202106160_541	NP SUB	NP SUB	class_label:de8ed2ce0f	Glutamatergic	subclass_label	CL:4023043	L5/6 near-projecting glutamatergic neuron of the primary motor cortex		https://doi.org/10.1016/j.cell.2021.04.021						n153	CTX-HPF 271-274	NP SUB	Cortical plate; Hippocampal formation	none; none	Zizhen Yao	CCN202106160
CS202106160_subclass_label:753888bc28	L5/6 IT TPE-ENT	L5/6 IT TPE-ENT	class_label:de8ed2ce0f	Glutamatergic	subclass_label	CL:4023041	L5 extratelencephalic projecting glutamatergic cortical neuron														
CS202106160_486	L2 IT ENTm	L2 IT ENTm	class_label:de8ed2ce0f	Glutamatergic	subclass_label	CL:4023040	L2/3-6 intratelencephalic projecting glutamatergic neuron		https://doi.org/10.1016/j.cell.2021.04.021						n98	CTX-HPF 146-150	L2 IT ENTm	Cortical plate; Hippocampal formation	none; none	Zizhen Yao	CCN202106160
CS202106160_class_label:de8ed2ce0f	Glutamatergic	Glutamatergic			class_label																
CS202106160_class_label:b7c6ca690a	Non-Neuronal	Non-Neuronal			class_label																
CS202106160_class_label:0ecf35ea0b	GABAergic	GABAergic			class_label																
